fecha,dia,semana_iso,mes,entidad,variable,unidad,valor,calidad,incluir,fuente,pagina,nota
2026-01-26,lunes,2026-S05,1,L22,energia_activa,kWh/dia,72.09,leido,si,Informe Paniquita jul-2026,40,
2026-01-27,martes,2026-S05,1,L22,energia_activa,kWh/dia,106.38,leido,si,Informe Paniquita jul-2026,40,
2026-01-28,miércoles,2026-S05,1,L22,energia_activa,kWh/dia,108.457,leido,si,Informe Paniquita jul-2026,40,
2026-01-29,jueves,2026-S05,1,L22,energia_activa,kWh/dia,105.679,leido,si,Informe Paniquita jul-2026,40,
2026-01-30,viernes,2026-S05,1,L22,energia_activa,kWh/dia,74.386,leido,si,Informe Paniquita jul-2026,40,
2026-01-31,sábado,2026-S05,1,L22,energia_activa,kWh/dia,27.264,leido,si,Informe Paniquita jul-2026,40,
2026-02-02,lunes,2026-S06,2,L22,energia_activa,kWh/dia,111.162,leido,si,Informe Paniquita jul-2026,41,
2026-02-03,martes,2026-S06,2,L22,energia_activa,kWh/dia,115.302,leido,si,Informe Paniquita jul-2026,41,
2026-02-04,miércoles,2026-S06,2,L22,energia_activa,kWh/dia,101.299,leido,si,Informe Paniquita jul-2026,41,
2026-02-05,jueves,2026-S06,2,L22,energia_activa,kWh/dia,113.098,leido,si,Informe Paniquita jul-2026,41,
2026-02-06,viernes,2026-S06,2,L22,energia_activa,kWh/dia,113.937,leido,si,Informe Paniquita jul-2026,41,
2026-02-07,sábado,2026-S06,2,L22,energia_activa,kWh/dia,731.716,atipico,no,Informe Paniquita jul-2026,41,"6,5 veces lo normal; probable error del medidor o acumulado. Excluir del análisis."
2026-02-09,lunes,2026-S07,2,L22,energia_activa,kWh/dia,75.192,leido,si,Informe Paniquita jul-2026,41,
2026-02-10,martes,2026-S07,2,L22,energia_activa,kWh/dia,82.366,leido,si,Informe Paniquita jul-2026,41,
2026-02-11,miércoles,2026-S07,2,L22,energia_activa,kWh/dia,84.545,leido,si,Informe Paniquita jul-2026,41,
2026-02-12,jueves,2026-S07,2,L22,energia_activa,kWh/dia,77.089,leido,si,Informe Paniquita jul-2026,41,
2026-02-13,viernes,2026-S07,2,L22,energia_activa,kWh/dia,72.666,leido,si,Informe Paniquita jul-2026,41,
2026-02-14,sábado,2026-S07,2,L22,energia_activa,kWh/dia,49.787,leido,si,Informe Paniquita jul-2026,41,
2026-02-16,lunes,2026-S08,2,L22,energia_activa,kWh/dia,102.391,leido,si,Informe Paniquita jul-2026,42,
2026-02-17,martes,2026-S08,2,L22,energia_activa,kWh/dia,117.13,leido,si,Informe Paniquita jul-2026,42,
2026-02-18,miércoles,2026-S08,2,L22,energia_activa,kWh/dia,119.866,leido,si,Informe Paniquita jul-2026,42,
2026-02-19,jueves,2026-S08,2,L22,energia_activa,kWh/dia,81.335,leido,si,Informe Paniquita jul-2026,42,
2026-02-20,viernes,2026-S08,2,L22,energia_activa,kWh/dia,109.95,leido,si,Informe Paniquita jul-2026,42,
2026-02-21,sábado,2026-S08,2,L22,energia_activa,kWh/dia,89.113,leido,si,Informe Paniquita jul-2026,42,
2026-02-23,lunes,2026-S09,2,L22,energia_activa,kWh/dia,106.517,leido,si,Informe Paniquita jul-2026,42,
2026-02-24,martes,2026-S09,2,L22,energia_activa,kWh/dia,116.289,leido,si,Informe Paniquita jul-2026,42,
2026-02-25,miércoles,2026-S09,2,L22,energia_activa,kWh/dia,114.605,leido,si,Informe Paniquita jul-2026,42,
2026-02-26,jueves,2026-S09,2,L22,energia_activa,kWh/dia,117.962,leido,si,Informe Paniquita jul-2026,42,
2026-02-27,viernes,2026-S09,2,L22,energia_activa,kWh/dia,117.937,leido,si,Informe Paniquita jul-2026,42,
2026-02-28,sábado,2026-S09,2,L22,energia_activa,kWh/dia,36.967,leido,si,Informe Paniquita jul-2026,42,
2026-03-02,lunes,2026-S10,3,L22,energia_activa,kWh/dia,111.572,leido,si,Informe Paniquita jul-2026,43,
2026-03-03,martes,2026-S10,3,L22,energia_activa,kWh/dia,112.742,leido,si,Informe Paniquita jul-2026,43,
2026-03-04,miércoles,2026-S10,3,L22,energia_activa,kWh/dia,107.625,leido,si,Informe Paniquita jul-2026,43,
2026-03-05,jueves,2026-S10,3,L22,energia_activa,kWh/dia,113.568,leido,si,Informe Paniquita jul-2026,43,
2026-03-06,viernes,2026-S10,3,L22,energia_activa,kWh/dia,115.156,leido,si,Informe Paniquita jul-2026,43,
2026-03-07,sábado,2026-S10,3,L22,energia_activa,kWh/dia,89.65,leido,si,Informe Paniquita jul-2026,43,
2026-03-09,lunes,2026-S11,3,L22,energia_activa,kWh/dia,74.099,leido,si,Informe Paniquita jul-2026,43,
2026-03-10,martes,2026-S11,3,L22,energia_activa,kWh/dia,83.903,leido,si,Informe Paniquita jul-2026,43,
2026-03-11,miércoles,2026-S11,3,L22,energia_activa,kWh/dia,84.373,leido,si,Informe Paniquita jul-2026,43,
2026-03-12,jueves,2026-S11,3,L22,energia_activa,kWh/dia,76.234,leido,si,Informe Paniquita jul-2026,43,
2026-03-13,viernes,2026-S11,3,L22,energia_activa,kWh/dia,72.307,leido,si,Informe Paniquita jul-2026,43,
2026-03-14,sábado,2026-S11,3,L22,energia_activa,kWh/dia,51.167,leido,si,Informe Paniquita jul-2026,43,
2026-03-16,lunes,2026-S12,3,L22,energia_activa,kWh/dia,124.24,leido,si,Informe Paniquita jul-2026,44,
2026-03-17,martes,2026-S12,3,L22,energia_activa,kWh/dia,119.295,leido,si,Informe Paniquita jul-2026,44,
2026-03-18,miércoles,2026-S12,3,L22,energia_activa,kWh/dia,121.465,leido,si,Informe Paniquita jul-2026,44,
2026-03-19,jueves,2026-S12,3,L22,energia_activa,kWh/dia,95.924,leido,si,Informe Paniquita jul-2026,44,
2026-03-20,viernes,2026-S12,3,L22,energia_activa,kWh/dia,85.605,leido,si,Informe Paniquita jul-2026,44,
2026-03-21,sábado,2026-S12,3,L22,energia_activa,kWh/dia,100.815,leido,si,Informe Paniquita jul-2026,44,
2026-03-24,martes,2026-S13,3,L22,energia_activa,kWh/dia,34.292,leido,si,Informe Paniquita jul-2026,44,
2026-03-25,miércoles,2026-S13,3,L22,energia_activa,kWh/dia,73.402,leido,si,Informe Paniquita jul-2026,44,
2026-03-26,jueves,2026-S13,3,L22,energia_activa,kWh/dia,82.859,leido,si,Informe Paniquita jul-2026,44,
2026-03-27,viernes,2026-S13,3,L22,energia_activa,kWh/dia,86.964,leido,si,Informe Paniquita jul-2026,44,
2026-03-28,sábado,2026-S13,3,L22,energia_activa,kWh/dia,74.708,leido,si,Informe Paniquita jul-2026,44,
2026-04-01,miércoles,2026-S14,4,L22,energia_activa,kWh/dia,112.608,leido,si,Informe Paniquita jul-2026,45,
2026-04-02,jueves,2026-S14,4,L22,energia_activa,kWh/dia,0.0,cero,no,Informe Paniquita jul-2026,45,Jueves/Viernes Santo (festivo). Excluir de promedios.
2026-04-03,viernes,2026-S14,4,L22,energia_activa,kWh/dia,0.0,cero,no,Informe Paniquita jul-2026,45,Jueves/Viernes Santo (festivo). Excluir de promedios.
2026-04-04,sábado,2026-S14,4,L22,energia_activa,kWh/dia,102.321,leido,si,Informe Paniquita jul-2026,45,
2026-04-06,lunes,2026-S15,4,L22,energia_activa,kWh/dia,69.107,leido,si,Informe Paniquita jul-2026,45,
2026-04-07,martes,2026-S15,4,L22,energia_activa,kWh/dia,78.193,leido,si,Informe Paniquita jul-2026,45,
2026-04-08,miércoles,2026-S15,4,L22,energia_activa,kWh/dia,88.541,leido,si,Informe Paniquita jul-2026,45,
2026-04-09,jueves,2026-S15,4,L22,energia_activa,kWh/dia,85.529,leido,si,Informe Paniquita jul-2026,45,
2026-04-10,viernes,2026-S15,4,L22,energia_activa,kWh/dia,73.75,leido,si,Informe Paniquita jul-2026,45,
2026-04-11,sábado,2026-S15,4,L22,energia_activa,kWh/dia,73.471,leido,si,Informe Paniquita jul-2026,45,
2026-04-13,lunes,2026-S16,4,L22,energia_activa,kWh/dia,107.514,leido,si,Informe Paniquita jul-2026,46,
2026-04-14,martes,2026-S16,4,L22,energia_activa,kWh/dia,50.84,leido,si,Informe Paniquita jul-2026,46,
2026-04-15,miércoles,2026-S16,4,L22,energia_activa,kWh/dia,52.928,leido,si,Informe Paniquita jul-2026,46,
2026-04-16,jueves,2026-S16,4,L22,energia_activa,kWh/dia,49.888,leido,si,Informe Paniquita jul-2026,46,
2026-04-17,viernes,2026-S16,4,L22,energia_activa,kWh/dia,51.702,leido,si,Informe Paniquita jul-2026,46,
2026-04-18,sábado,2026-S16,4,L22,energia_activa,kWh/dia,26.608,leido,si,Informe Paniquita jul-2026,46,
2026-04-20,lunes,2026-S17,4,L22,energia_activa,kWh/dia,97.386,leido,si,Informe Paniquita jul-2026,46,
2026-04-21,martes,2026-S17,4,L22,energia_activa,kWh/dia,114.672,leido,si,Informe Paniquita jul-2026,46,
2026-04-22,miércoles,2026-S17,4,L22,energia_activa,kWh/dia,131.706,leido,si,Informe Paniquita jul-2026,46,
2026-04-23,jueves,2026-S17,4,L22,energia_activa,kWh/dia,3.604,parcial,no,Informe Paniquita jul-2026,46,Último registro antes del corte de datos; día incompleto. Excluir.
2026-05-11,lunes,2026-S20,5,L22,energia_activa,kWh/dia,92.739,leido,si,Informe Paniquita jul-2026,47,
2026-05-12,martes,2026-S20,5,L22,energia_activa,kWh/dia,110.993,leido,si,Informe Paniquita jul-2026,47,
2026-05-13,miércoles,2026-S20,5,L22,energia_activa,kWh/dia,109.833,leido,si,Informe Paniquita jul-2026,47,
2026-05-14,jueves,2026-S20,5,L22,energia_activa,kWh/dia,108.216,leido,si,Informe Paniquita jul-2026,47,
2026-05-15,viernes,2026-S20,5,L22,energia_activa,kWh/dia,121.35,leido,si,Informe Paniquita jul-2026,47,
2026-05-16,sábado,2026-S20,5,L22,energia_activa,kWh/dia,102.928,leido,si,Informe Paniquita jul-2026,47,
2026-05-19,martes,2026-S21,5,L22,energia_activa,kWh/dia,106.546,leido,si,Informe Paniquita jul-2026,47,
2026-05-20,miércoles,2026-S21,5,L22,energia_activa,kWh/dia,117.963,leido,si,Informe Paniquita jul-2026,47,
2026-05-21,jueves,2026-S21,5,L22,energia_activa,kWh/dia,118.206,leido,si,Informe Paniquita jul-2026,47,
2026-05-22,viernes,2026-S21,5,L22,energia_activa,kWh/dia,117.576,leido,si,Informe Paniquita jul-2026,47,
2026-05-23,sábado,2026-S21,5,L22,energia_activa,kWh/dia,90.333,leido,si,Informe Paniquita jul-2026,47,
2026-05-25,lunes,2026-S22,5,L22,energia_activa,kWh/dia,61.6,estimado,si,Informe Paniquita jul-2026,48,Gráfico sin etiquetas; valor leído del eje (±1 kWh).
2026-05-26,martes,2026-S22,5,L22,energia_activa,kWh/dia,72.8,estimado,si,Informe Paniquita jul-2026,48,Gráfico sin etiquetas; valor leído del eje (±1 kWh).
2026-05-27,miércoles,2026-S22,5,L22,energia_activa,kWh/dia,73.5,estimado,si,Informe Paniquita jul-2026,48,Gráfico sin etiquetas; valor leído del eje (±1 kWh).
2026-05-28,jueves,2026-S22,5,L22,energia_activa,kWh/dia,112.5,estimado,si,Informe Paniquita jul-2026,48,Gráfico sin etiquetas; valor leído del eje (±1 kWh).
2026-05-29,viernes,2026-S22,5,L22,energia_activa,kWh/dia,115.5,estimado,si,Informe Paniquita jul-2026,48,Gráfico sin etiquetas; valor leído del eje (±1 kWh).
2026-05-30,sábado,2026-S22,5,L22,energia_activa,kWh/dia,25.6,estimado,si,Informe Paniquita jul-2026,48,Gráfico sin etiquetas; valor leído del eje (±1 kWh).
2026-06-01,lunes,2026-S23,6,L22,energia_activa,kWh/dia,76.907,leido,si,Informe Paniquita jul-2026,48,
2026-06-02,martes,2026-S23,6,L22,energia_activa,kWh/dia,106.0,leido,si,Informe Paniquita jul-2026,48,
2026-06-03,miércoles,2026-S23,6,L22,energia_activa,kWh/dia,115.267,leido,si,Informe Paniquita jul-2026,48,
2026-06-04,jueves,2026-S23,6,L22,energia_activa,kWh/dia,96.462,leido,si,Informe Paniquita jul-2026,48,
2026-06-05,viernes,2026-S23,6,L22,energia_activa,kWh/dia,105.275,leido,si,Informe Paniquita jul-2026,48,
2026-06-06,sábado,2026-S23,6,L22,energia_activa,kWh/dia,89.349,leido,si,Informe Paniquita jul-2026,48,
2026-03-02,lunes,2026-S10,3,L22,ice,kWh/t,5.701,leido,si,Informe Paniquita jul-2026,78,
2026-03-03,martes,2026-S10,3,L22,ice,kWh/t,6.165,leido,si,Informe Paniquita jul-2026,78,
2026-03-04,miércoles,2026-S10,3,L22,ice,kWh/t,9.0,leido,si,Informe Paniquita jul-2026,78,
2026-03-05,jueves,2026-S10,3,L22,ice,kWh/t,11.109,leido,si,Informe Paniquita jul-2026,78,
2026-03-06,viernes,2026-S10,3,L22,ice,kWh/t,11.975,leido,si,Informe Paniquita jul-2026,78,
2026-03-07,sábado,2026-S10,3,L22,ice,kWh/t,10.754,leido,si,Informe Paniquita jul-2026,78,
2026-03-09,lunes,2026-S11,3,L22,ice,kWh/t,12.023,leido,si,Informe Paniquita jul-2026,80,
2026-03-12,jueves,2026-S11,3,L22,ice,kWh/t,28.89,leido,si,Informe Paniquita jul-2026,80,
2026-03-13,viernes,2026-S11,3,L22,ice,kWh/t,18.94,leido,si,Informe Paniquita jul-2026,80,
2026-03-14,sábado,2026-S11,3,L22,ice,kWh/t,31.95,leido,si,Informe Paniquita jul-2026,80,
2026-03-16,lunes,2026-S12,3,L22,ice,kWh/t,16.45,leido,si,Informe Paniquita jul-2026,82,
2026-03-17,martes,2026-S12,3,L22,ice,kWh/t,16.01,leido,si,Informe Paniquita jul-2026,82,
2026-03-18,miércoles,2026-S12,3,L22,ice,kWh/t,19.25,leido,si,Informe Paniquita jul-2026,82,
2026-03-19,jueves,2026-S12,3,L22,ice,kWh/t,20.57,leido,si,Informe Paniquita jul-2026,82,
2026-03-20,viernes,2026-S12,3,L22,ice,kWh/t,7.42,leido,si,Informe Paniquita jul-2026,82,
2026-03-21,sábado,2026-S12,3,L22,ice,kWh/t,7.31,leido,si,Informe Paniquita jul-2026,82,
2026-03-25,miércoles,2026-S13,3,L22,ice,kWh/t,8.421,leido,si,Informe Paniquita jul-2026,84,
2026-03-26,jueves,2026-S13,3,L22,ice,kWh/t,9.954,leido,si,Informe Paniquita jul-2026,84,
2026-03-27,viernes,2026-S13,3,L22,ice,kWh/t,8.954,leido,si,Informe Paniquita jul-2026,84,
2026-03-28,sábado,2026-S13,3,L22,ice,kWh/t,5.919,leido,si,Informe Paniquita jul-2026,84,
2026-04-06,lunes,2026-S15,4,L22,ice,kWh/t,13.461,leido,si,Informe Paniquita jul-2026,86,
2026-04-07,martes,2026-S15,4,L22,ice,kWh/t,14.346,leido,si,Informe Paniquita jul-2026,86,
2026-04-08,miércoles,2026-S15,4,L22,ice,kWh/t,15.636,leido,si,Informe Paniquita jul-2026,86,
2026-04-09,jueves,2026-S15,4,L22,ice,kWh/t,13.831,leido,si,Informe Paniquita jul-2026,86,
2026-04-10,viernes,2026-S15,4,L22,ice,kWh/t,13.971,leido,si,Informe Paniquita jul-2026,86,
2026-04-11,sábado,2026-S15,4,L22,ice,kWh/t,15.435,leido,si,Informe Paniquita jul-2026,86,
2026-01-26,lunes,2026-S05,1,PLANTA,energia_activa_subestacion,kWh/dia,4741.33,leido,si,Informe Paniquita jul-2026,51,
2026-01-27,martes,2026-S05,1,PLANTA,energia_activa_subestacion,kWh/dia,4343.821,leido,si,Informe Paniquita jul-2026,51,
2026-01-28,miércoles,2026-S05,1,PLANTA,energia_activa_subestacion,kWh/dia,4171.754,leido,si,Informe Paniquita jul-2026,51,
2026-01-29,jueves,2026-S05,1,PLANTA,energia_activa_subestacion,kWh/dia,3834.308,leido,si,Informe Paniquita jul-2026,51,
2026-01-30,viernes,2026-S05,1,PLANTA,energia_activa_subestacion,kWh/dia,3862.029,leido,si,Informe Paniquita jul-2026,51,
2026-01-31,sábado,2026-S05,1,PLANTA,energia_activa_subestacion,kWh/dia,2187.444,leido,si,Informe Paniquita jul-2026,51,
2026-02-01,domingo,2026-S05,2,PLANTA,energia_activa_subestacion,kWh/dia,943.02,leido,si,Informe Paniquita jul-2026,52,"Domingo, día no productivo."
2026-02-02,lunes,2026-S06,2,PLANTA,energia_activa_subestacion,kWh/dia,3508.036,leido,si,Informe Paniquita jul-2026,52,
2026-02-03,martes,2026-S06,2,PLANTA,energia_activa_subestacion,kWh/dia,3813.63,leido,si,Informe Paniquita jul-2026,52,
2026-02-04,miércoles,2026-S06,2,PLANTA,energia_activa_subestacion,kWh/dia,3637.258,leido,si,Informe Paniquita jul-2026,52,
2026-02-05,jueves,2026-S06,2,PLANTA,energia_activa_subestacion,kWh/dia,3882.713,leido,si,Informe Paniquita jul-2026,52,
2026-02-06,viernes,2026-S06,2,PLANTA,energia_activa_subestacion,kWh/dia,3812.319,leido,si,Informe Paniquita jul-2026,52,
2026-02-07,sábado,2026-S06,2,PLANTA,energia_activa_subestacion,kWh/dia,2427.664,leido,si,Informe Paniquita jul-2026,52,
2026-02-09,lunes,2026-S07,2,PLANTA,energia_activa_subestacion,kWh/dia,4162.378,leido,si,Informe Paniquita jul-2026,52,
2026-02-10,martes,2026-S07,2,PLANTA,energia_activa_subestacion,kWh/dia,4394.471,leido,si,Informe Paniquita jul-2026,52,
2026-02-11,miércoles,2026-S07,2,PLANTA,energia_activa_subestacion,kWh/dia,4344.395,leido,si,Informe Paniquita jul-2026,52,
2026-02-12,jueves,2026-S07,2,PLANTA,energia_activa_subestacion,kWh/dia,4681.198,leido,si,Informe Paniquita jul-2026,52,
2026-02-13,viernes,2026-S07,2,PLANTA,energia_activa_subestacion,kWh/dia,4566.881,leido,si,Informe Paniquita jul-2026,52,
2026-02-14,sábado,2026-S07,2,PLANTA,energia_activa_subestacion,kWh/dia,1950.314,leido,si,Informe Paniquita jul-2026,52,
2026-02-16,lunes,2026-S08,2,PLANTA,energia_activa_subestacion,kWh/dia,3180,leido,si,Informe Paniquita jul-2026,53,
2026-02-17,martes,2026-S08,2,PLANTA,energia_activa_subestacion,kWh/dia,3563,leido,si,Informe Paniquita jul-2026,53,
2026-02-18,miércoles,2026-S08,2,PLANTA,energia_activa_subestacion,kWh/dia,3333,leido,si,Informe Paniquita jul-2026,53,
2026-02-19,jueves,2026-S08,2,PLANTA,energia_activa_subestacion,kWh/dia,2255,leido,si,Informe Paniquita jul-2026,53,
2026-02-20,viernes,2026-S08,2,PLANTA,energia_activa_subestacion,kWh/dia,2938,leido,si,Informe Paniquita jul-2026,53,
2026-02-21,sábado,2026-S08,2,PLANTA,energia_activa_subestacion,kWh/dia,3212,leido,si,Informe Paniquita jul-2026,53,
2026-02-23,lunes,2026-S09,2,PLANTA,energia_activa_subestacion,kWh/dia,3863,leido,si,Informe Paniquita jul-2026,53,
2026-02-24,martes,2026-S09,2,PLANTA,energia_activa_subestacion,kWh/dia,4150,leido,si,Informe Paniquita jul-2026,53,
2026-02-25,miércoles,2026-S09,2,PLANTA,energia_activa_subestacion,kWh/dia,3857,leido,si,Informe Paniquita jul-2026,53,
2026-02-26,jueves,2026-S09,2,PLANTA,energia_activa_subestacion,kWh/dia,3827,leido,si,Informe Paniquita jul-2026,53,
2026-02-27,viernes,2026-S09,2,PLANTA,energia_activa_subestacion,kWh/dia,3811,leido,si,Informe Paniquita jul-2026,53,
2026-02-28,sábado,2026-S09,2,PLANTA,energia_activa_subestacion,kWh/dia,2207,leido,si,Informe Paniquita jul-2026,53,
2026-01-26,lunes,2026-S05,1,PLANTA,energia_activa_emcali,kWh/dia,4789.8,leido,si,Informe Paniquita jul-2026,54,
2026-01-27,martes,2026-S05,1,PLANTA,energia_activa_emcali,kWh/dia,4469.76,leido,si,Informe Paniquita jul-2026,54,
2026-01-28,miércoles,2026-S05,1,PLANTA,energia_activa_emcali,kWh/dia,4299.12,leido,si,Informe Paniquita jul-2026,54,
2026-01-29,jueves,2026-S05,1,PLANTA,energia_activa_emcali,kWh/dia,3933.24,leido,si,Informe Paniquita jul-2026,54,
2026-01-30,viernes,2026-S05,1,PLANTA,energia_activa_emcali,kWh/dia,4059.72,leido,si,Informe Paniquita jul-2026,54,
2026-01-31,sábado,2026-S05,1,PLANTA,energia_activa_emcali,kWh/dia,2299.8,leido,si,Informe Paniquita jul-2026,54,
2026-02-01,domingo,2026-S05,2,PLANTA,energia_activa_emcali,kWh/dia,1020.48,leido,si,Informe Paniquita jul-2026,54,"Domingo, día no productivo."
2026-02-02,lunes,2026-S06,2,PLANTA,energia_activa_emcali,kWh/dia,3622.08,leido,si,Informe Paniquita jul-2026,54,
2026-02-03,martes,2026-S06,2,PLANTA,energia_activa_emcali,kWh/dia,3887.4,leido,si,Informe Paniquita jul-2026,54,
2026-02-04,miércoles,2026-S06,2,PLANTA,energia_activa_emcali,kWh/dia,3716.88,leido,si,Informe Paniquita jul-2026,54,
2026-02-05,jueves,2026-S06,2,PLANTA,energia_activa_emcali,kWh/dia,3974.88,leido,si,Informe Paniquita jul-2026,54,
2026-02-06,viernes,2026-S06,2,PLANTA,energia_activa_emcali,kWh/dia,3904.44,leido,si,Informe Paniquita jul-2026,54,
2026-02-07,sábado,2026-S06,2,PLANTA,energia_activa_emcali,kWh/dia,2522.4,leido,si,Informe Paniquita jul-2026,54,
2026-02-16,lunes,2026-S08,2,PLANTA,energia_activa_emcali,kWh/dia,3265.08,leido,si,Informe Paniquita jul-2026,55,
2026-02-17,martes,2026-S08,2,PLANTA,energia_activa_emcali,kWh/dia,3674.76,leido,si,Informe Paniquita jul-2026,55,
2026-02-18,miércoles,2026-S08,2,PLANTA,energia_activa_emcali,kWh/dia,3459.72,leido,si,Informe Paniquita jul-2026,55,
2026-02-19,jueves,2026-S08,2,PLANTA,energia_activa_emcali,kWh/dia,2369.76,leido,si,Informe Paniquita jul-2026,55,
2026-02-20,viernes,2026-S08,2,PLANTA,energia_activa_emcali,kWh/dia,3010.08,leido,si,Informe Paniquita jul-2026,55,
2026-02-21,sábado,2026-S08,2,PLANTA,energia_activa_emcali,kWh/dia,3323.4,leido,si,Informe Paniquita jul-2026,55,
2026-02-23,lunes,2026-S09,2,PLANTA,energia_activa_emcali,kWh/dia,3976.68,leido,si,Informe Paniquita jul-2026,56,
2026-02-24,martes,2026-S09,2,PLANTA,energia_activa_emcali,kWh/dia,4271.88,leido,si,Informe Paniquita jul-2026,56,
2026-02-25,miércoles,2026-S09,2,PLANTA,energia_activa_emcali,kWh/dia,3956.28,leido,si,Informe Paniquita jul-2026,56,
2026-02-26,jueves,2026-S09,2,PLANTA,energia_activa_emcali,kWh/dia,3948.84,leido,si,Informe Paniquita jul-2026,56,
2026-02-27,viernes,2026-S09,2,PLANTA,energia_activa_emcali,kWh/dia,3918,leido,si,Informe Paniquita jul-2026,56,
2026-02-28,sábado,2026-S09,2,PLANTA,energia_activa_emcali,kWh/dia,2325.48,leido,si,Informe Paniquita jul-2026,56,
2026-01-02,viernes,2026-S01,1,L22,produccion,kg/dia,0.0,leido,si,"Excel KG producidos 2024-2026, hoja Data PA 2026",,
2026-01-02,viernes,2026-S01,1,L22,produccion_turno1,kg/dia,0.0,leido,si,"Excel KG producidos 2024-2026, hoja Data PA 2026",,
2026-01-02,viernes,2026-S01,1,L22,produccion_turno2,kg/dia,0.0,leido,si,"Excel KG producidos 2024-2026, hoja Data PA 2026",,
2026-01-03,sábado,2026-S01,1,L22,produccion,kg/dia,0.0,leido,si,"Excel KG producidos 2024-2026, hoja Data PA 2026",,
2026-01-03,sábado,2026-S01,1,L22,produccion_turno1,kg/dia,0.0,leido,si,"Excel KG producidos 2024-2026, hoja Data PA 2026",,
2026-01-03,sábado,2026-S01,1,L22,produccion_turno2,kg/dia,0.0,leido,si,"Excel KG producidos 2024-2026, hoja Data PA 2026",,
2026-01-05,lunes,2026-S02,1,L22,produccion,kg/dia,30623.4,leido,si,"Excel KG producidos 2024-2026, hoja Data PA 2026",,
2026-01-05,lunes,2026-S02,1,L22,produccion_turno1,kg/dia,16229.925,leido,si,"Excel KG producidos 2024-2026, hoja Data PA 2026",,
2026-01-05,lunes,2026-S02,1,L22,produccion_turno2,kg/dia,14393.475,leido,si,"Excel KG producidos 2024-2026, hoja Data PA 2026",,
2026-01-06,martes,2026-S02,1,L22,produccion,kg/dia,28763.1,leido,si,"Excel KG producidos 2024-2026, hoja Data PA 2026",,
2026-01-06,martes,2026-S02,1,L22,produccion_turno1,kg/dia,15347.475,leido,si,"Excel KG producidos 2024-2026, hoja Data PA 2026",,
2026-01-06,martes,2026-S02,1,L22,produccion_turno2,kg/dia,13415.625,leido,si,"Excel KG producidos 2024-2026, hoja Data PA 2026",,
2026-01-07,miércoles,2026-S02,1,L22,produccion,kg/dia,16041.014,leido,si,"Excel KG producidos 2024-2026, hoja Data PA 2026",,
2026-01-07,miércoles,2026-S02,1,L22,produccion_turno1,kg/dia,7036.526,leido,si,"Excel KG producidos 2024-2026, hoja Data PA 2026",,
2026-01-07,miércoles,2026-S02,1,L22,produccion_turno2,kg/dia,9004.488,leido,si,"Excel KG producidos 2024-2026, hoja Data PA 2026",,
2026-01-08,jueves,2026-S02,1,L22,produccion,kg/dia,17839.08,leido,si,"Excel KG producidos 2024-2026, hoja Data PA 2026",,
2026-01-08,jueves,2026-S02,1,L22,produccion_turno1,kg/dia,9330.122,leido,si,"Excel KG producidos 2024-2026, hoja Data PA 2026",,
2026-01-08,jueves,2026-S02,1,L22,produccion_turno2,kg/dia,8508.958,leido,si,"Excel KG producidos 2024-2026, hoja Data PA 2026",,
2026-01-09,viernes,2026-S02,1,L22,produccion,kg/dia,17145.338,leido,si,"Excel KG producidos 2024-2026, hoja Data PA 2026",,
2026-01-09,viernes,2026-S02,1,L22,produccion_turno1,kg/dia,8112.534,leido,si,"Excel KG producidos 2024-2026, hoja Data PA 2026",,
2026-01-09,viernes,2026-S02,1,L22,produccion_turno2,kg/dia,9032.804,leido,si,"Excel KG producidos 2024-2026, hoja Data PA 2026",,
2026-01-10,sábado,2026-S02,1,L22,produccion,kg/dia,5082.722,leido,si,"Excel KG producidos 2024-2026, hoja Data PA 2026",,
2026-01-10,sábado,2026-S02,1,L22,produccion_turno1,kg/dia,2236.964,leido,si,"Excel KG producidos 2024-2026, hoja Data PA 2026",,
2026-01-10,sábado,2026-S02,1,L22,produccion_turno2,kg/dia,2845.758,leido,si,"Excel KG producidos 2024-2026, hoja Data PA 2026",,
2026-01-13,martes,2026-S03,1,L22,produccion,kg/dia,8962.014,leido,si,"Excel KG producidos 2024-2026, hoja Data PA 2026",,Día con mantenimiento programado.
2026-01-13,martes,2026-S03,1,L22,produccion_turno1,kg/dia,0.0,leido,si,"Excel KG producidos 2024-2026, hoja Data PA 2026",,Día con mantenimiento programado.
2026-01-13,martes,2026-S03,1,L22,produccion_turno2,kg/dia,8962.014,leido,si,"Excel KG producidos 2024-2026, hoja Data PA 2026",,Día con mantenimiento programado.
2026-01-14,miércoles,2026-S03,1,L22,produccion,kg/dia,7319.686,leido,si,"Excel KG producidos 2024-2026, hoja Data PA 2026",,Día con mantenimiento programado.
2026-01-14,miércoles,2026-S03,1,L22,produccion_turno1,kg/dia,0.0,leido,si,"Excel KG producidos 2024-2026, hoja Data PA 2026",,Día con mantenimiento programado.
2026-01-14,miércoles,2026-S03,1,L22,produccion_turno2,kg/dia,7319.686,leido,si,"Excel KG producidos 2024-2026, hoja Data PA 2026",,Día con mantenimiento programado.
2026-01-15,jueves,2026-S03,1,L22,produccion,kg/dia,17286.918,leido,si,"Excel KG producidos 2024-2026, hoja Data PA 2026",,
2026-01-15,jueves,2026-S03,1,L22,produccion_turno1,kg/dia,8763.802,leido,si,"Excel KG producidos 2024-2026, hoja Data PA 2026",,
2026-01-15,jueves,2026-S03,1,L22,produccion_turno2,kg/dia,8523.116,leido,si,"Excel KG producidos 2024-2026, hoja Data PA 2026",,
2026-01-16,viernes,2026-S03,1,L22,produccion,kg/dia,17485.13,leido,si,"Excel KG producidos 2024-2026, hoja Data PA 2026",,
2026-01-16,viernes,2026-S03,1,L22,produccion_turno1,kg/dia,8636.38,leido,si,"Excel KG producidos 2024-2026, hoja Data PA 2026",,
2026-01-16,viernes,2026-S03,1,L22,produccion_turno2,kg/dia,8848.75,leido,si,"Excel KG producidos 2024-2026, hoja Data PA 2026",,
2026-01-17,sábado,2026-S03,1,L22,produccion,kg/dia,13195.256,leido,si,"Excel KG producidos 2024-2026, hoja Data PA 2026",,
2026-01-17,sábado,2026-S03,1,L22,produccion_turno1,kg/dia,6187.046,leido,si,"Excel KG producidos 2024-2026, hoja Data PA 2026",,
2026-01-17,sábado,2026-S03,1,L22,produccion_turno2,kg/dia,7008.21,leido,si,"Excel KG producidos 2024-2026, hoja Data PA 2026",,
2026-01-19,lunes,2026-S04,1,L22,produccion,kg/dia,17244.444,leido,si,"Excel KG producidos 2024-2026, hoja Data PA 2026",,
2026-01-19,lunes,2026-S04,1,L22,produccion_turno1,kg/dia,8409.852,leido,si,"Excel KG producidos 2024-2026, hoja Data PA 2026",,
2026-01-19,lunes,2026-S04,1,L22,produccion_turno2,kg/dia,8834.592,leido,si,"Excel KG producidos 2024-2026, hoja Data PA 2026",,
2026-01-20,martes,2026-S04,1,L22,produccion,kg/dia,11660.056,leido,si,"Excel KG producidos 2024-2026, hoja Data PA 2026",,
2026-01-20,martes,2026-S04,1,L22,produccion_turno1,kg/dia,6358.48,leido,si,"Excel KG producidos 2024-2026, hoja Data PA 2026",,
2026-01-20,martes,2026-S04,1,L22,produccion_turno2,kg/dia,5301.576,leido,si,"Excel KG producidos 2024-2026, hoja Data PA 2026",,
2026-01-21,miércoles,2026-S04,1,L22,produccion,kg/dia,10692.171,leido,si,"Excel KG producidos 2024-2026, hoja Data PA 2026",,
2026-01-21,miércoles,2026-S04,1,L22,produccion_turno1,kg/dia,4352.04,leido,si,"Excel KG producidos 2024-2026, hoja Data PA 2026",,
2026-01-21,miércoles,2026-S04,1,L22,produccion_turno2,kg/dia,6340.131,leido,si,"Excel KG producidos 2024-2026, hoja Data PA 2026",,
2026-01-22,jueves,2026-S04,1,L22,produccion,kg/dia,11424.105,leido,si,"Excel KG producidos 2024-2026, hoja Data PA 2026",,
2026-01-22,jueves,2026-S04,1,L22,produccion_turno1,kg/dia,5736.78,leido,si,"Excel KG producidos 2024-2026, hoja Data PA 2026",,
2026-01-22,jueves,2026-S04,1,L22,produccion_turno2,kg/dia,5687.325,leido,si,"Excel KG producidos 2024-2026, hoja Data PA 2026",,
2026-01-23,viernes,2026-S04,1,L22,produccion,kg/dia,12037.347,leido,si,"Excel KG producidos 2024-2026, hoja Data PA 2026",,
2026-01-23,viernes,2026-S04,1,L22,produccion_turno1,kg/dia,5934.6,leido,si,"Excel KG producidos 2024-2026, hoja Data PA 2026",,
2026-01-23,viernes,2026-S04,1,L22,produccion_turno2,kg/dia,6102.747,leido,si,"Excel KG producidos 2024-2026, hoja Data PA 2026",,
2026-01-24,sábado,2026-S04,1,L22,produccion,kg/dia,10247.076,leido,si,"Excel KG producidos 2024-2026, hoja Data PA 2026",,
2026-01-24,sábado,2026-S04,1,L22,produccion_turno1,kg/dia,5400.486,leido,si,"Excel KG producidos 2024-2026, hoja Data PA 2026",,
2026-01-24,sábado,2026-S04,1,L22,produccion_turno2,kg/dia,4846.59,leido,si,"Excel KG producidos 2024-2026, hoja Data PA 2026",,
2026-01-26,lunes,2026-S05,1,L22,produccion,kg/dia,7093.305,leido,si,"Excel KG producidos 2024-2026, hoja Data PA 2026",,
2026-01-26,lunes,2026-S05,1,L22,produccion_turno1,kg/dia,1285.83,leido,si,"Excel KG producidos 2024-2026, hoja Data PA 2026",,
2026-01-26,lunes,2026-S05,1,L22,produccion_turno2,kg/dia,5807.475,leido,si,"Excel KG producidos 2024-2026, hoja Data PA 2026",,
2026-01-27,martes,2026-S05,1,L22,produccion,kg/dia,29800.575,leido,si,"Excel KG producidos 2024-2026, hoja Data PA 2026",,
2026-01-27,martes,2026-S05,1,L22,produccion_turno1,kg/dia,14787.0,leido,si,"Excel KG producidos 2024-2026, hoja Data PA 2026",,
2026-01-27,martes,2026-S05,1,L22,produccion_turno2,kg/dia,15013.575,leido,si,"Excel KG producidos 2024-2026, hoja Data PA 2026",,
2026-01-28,miércoles,2026-S05,1,L22,produccion,kg/dia,29919.825,leido,si,"Excel KG producidos 2024-2026, hoja Data PA 2026",,
2026-01-28,miércoles,2026-S05,1,L22,produccion_turno1,kg/dia,13439.475,leido,si,"Excel KG producidos 2024-2026, hoja Data PA 2026",,
2026-01-28,miércoles,2026-S05,1,L22,produccion_turno2,kg/dia,16480.35,leido,si,"Excel KG producidos 2024-2026, hoja Data PA 2026",,
2026-01-29,jueves,2026-S05,1,L22,produccion,kg/dia,29919.825,leido,si,"Excel KG producidos 2024-2026, hoja Data PA 2026",,
2026-01-29,jueves,2026-S05,1,L22,produccion_turno1,kg/dia,16337.25,leido,si,"Excel KG producidos 2024-2026, hoja Data PA 2026",,
2026-01-29,jueves,2026-S05,1,L22,produccion_turno2,kg/dia,13582.575,leido,si,"Excel KG producidos 2024-2026, hoja Data PA 2026",,
2026-01-30,viernes,2026-S05,1,L22,produccion,kg/dia,12175.425,leido,si,"Excel KG producidos 2024-2026, hoja Data PA 2026",,
2026-01-30,viernes,2026-S05,1,L22,produccion_turno1,kg/dia,12175.425,leido,si,"Excel KG producidos 2024-2026, hoja Data PA 2026",,
2026-01-30,viernes,2026-S05,1,L22,produccion_turno2,kg/dia,0.0,leido,si,"Excel KG producidos 2024-2026, hoja Data PA 2026",,
2026-02-02,lunes,2026-S06,2,L22,produccion,kg/dia,32626.8,leido,si,"Excel KG producidos 2024-2026, hoja Data PA 2026",,
2026-02-02,lunes,2026-S06,2,L22,produccion_turno1,kg/dia,15800.625,leido,si,"Excel KG producidos 2024-2026, hoja Data PA 2026",,
2026-02-02,lunes,2026-S06,2,L22,produccion_turno2,kg/dia,16826.175,leido,si,"Excel KG producidos 2024-2026, hoja Data PA 2026",,
2026-02-03,martes,2026-S06,2,L22,produccion,kg/dia,30062.925,leido,si,"Excel KG producidos 2024-2026, hoja Data PA 2026",,
2026-02-03,martes,2026-S06,2,L22,produccion_turno1,kg/dia,14906.25,leido,si,"Excel KG producidos 2024-2026, hoja Data PA 2026",,
2026-02-03,martes,2026-S06,2,L22,produccion_turno2,kg/dia,15156.675,leido,si,"Excel KG producidos 2024-2026, hoja Data PA 2026",,
2026-02-04,miércoles,2026-S06,2,L22,produccion,kg/dia,15976.139,leido,si,"Excel KG producidos 2024-2026, hoja Data PA 2026",,
2026-02-04,miércoles,2026-S06,2,L22,produccion_turno1,kg/dia,10553.625,leido,si,"Excel KG producidos 2024-2026, hoja Data PA 2026",,
2026-02-04,miércoles,2026-S06,2,L22,produccion_turno2,kg/dia,5422.514,leido,si,"Excel KG producidos 2024-2026, hoja Data PA 2026",,
2026-02-05,jueves,2026-S06,2,L22,produccion,kg/dia,15800.328,leido,si,"Excel KG producidos 2024-2026, hoja Data PA 2026",,
2026-02-05,jueves,2026-S06,2,L22,produccion_turno1,kg/dia,9117.752,leido,si,"Excel KG producidos 2024-2026, hoja Data PA 2026",,
2026-02-05,jueves,2026-S06,2,L22,produccion_turno2,kg/dia,6682.576,leido,si,"Excel KG producidos 2024-2026, hoja Data PA 2026",,
2026-02-06,viernes,2026-S06,2,L22,produccion,kg/dia,16310.016,leido,si,"Excel KG producidos 2024-2026, hoja Data PA 2026",,
2026-02-06,viernes,2026-S06,2,L22,produccion_turno1,kg/dia,8395.694,leido,si,"Excel KG producidos 2024-2026, hoja Data PA 2026",,
2026-02-06,viernes,2026-S06,2,L22,produccion_turno2,kg/dia,7914.322,leido,si,"Excel KG producidos 2024-2026, hoja Data PA 2026",,
2026-02-07,sábado,2026-S06,2,L22,produccion,kg/dia,11609.56,leido,si,"Excel KG producidos 2024-2026, hoja Data PA 2026",,
2026-02-07,sábado,2026-S06,2,L22,produccion_turno1,kg/dia,5804.78,leido,si,"Excel KG producidos 2024-2026, hoja Data PA 2026",,
2026-02-07,sábado,2026-S06,2,L22,produccion_turno2,kg/dia,5804.78,leido,si,"Excel KG producidos 2024-2026, hoja Data PA 2026",,
2026-02-09,lunes,2026-S07,2,L22,produccion,kg/dia,6116.256,leido,si,"Excel KG producidos 2024-2026, hoja Data PA 2026",,
2026-02-09,lunes,2026-S07,2,L22,produccion_turno1,kg/dia,6116.256,leido,si,"Excel KG producidos 2024-2026, hoja Data PA 2026",,
2026-02-09,lunes,2026-S07,2,L22,produccion_turno2,kg/dia,0.0,leido,si,"Excel KG producidos 2024-2026, hoja Data PA 2026",,
2026-02-10,martes,2026-S07,2,L22,produccion,kg/dia,5865.363,leido,si,"Excel KG producidos 2024-2026, hoja Data PA 2026",,
2026-02-10,martes,2026-S07,2,L22,produccion_turno1,kg/dia,5865.363,leido,si,"Excel KG producidos 2024-2026, hoja Data PA 2026",,
2026-02-10,martes,2026-S07,2,L22,produccion_turno2,kg/dia,0.0,leido,si,"Excel KG producidos 2024-2026, hoja Data PA 2026",,
2026-02-11,miércoles,2026-S07,2,L22,produccion,kg/dia,5637.87,leido,si,"Excel KG producidos 2024-2026, hoja Data PA 2026",,
2026-02-11,miércoles,2026-S07,2,L22,produccion_turno1,kg/dia,5637.87,leido,si,"Excel KG producidos 2024-2026, hoja Data PA 2026",,
2026-02-11,miércoles,2026-S07,2,L22,produccion_turno2,kg/dia,0.0,leido,si,"Excel KG producidos 2024-2026, hoja Data PA 2026",,
2026-02-12,jueves,2026-S07,2,L22,produccion,kg/dia,4856.481,leido,si,"Excel KG producidos 2024-2026, hoja Data PA 2026",,
2026-02-12,jueves,2026-S07,2,L22,produccion_turno1,kg/dia,4856.481,leido,si,"Excel KG producidos 2024-2026, hoja Data PA 2026",,
2026-02-12,jueves,2026-S07,2,L22,produccion_turno2,kg/dia,0.0,leido,si,"Excel KG producidos 2024-2026, hoja Data PA 2026",,
2026-02-13,viernes,2026-S07,2,L22,produccion,kg/dia,4114.656,leido,si,"Excel KG producidos 2024-2026, hoja Data PA 2026",,
2026-02-13,viernes,2026-S07,2,L22,produccion_turno1,kg/dia,4114.656,leido,si,"Excel KG producidos 2024-2026, hoja Data PA 2026",,
2026-02-13,viernes,2026-S07,2,L22,produccion_turno2,kg/dia,0.0,leido,si,"Excel KG producidos 2024-2026, hoja Data PA 2026",,
2026-02-14,sábado,2026-S07,2,L22,produccion,kg/dia,2522.205,leido,si,"Excel KG producidos 2024-2026, hoja Data PA 2026",,
2026-02-14,sábado,2026-S07,2,L22,produccion_turno1,kg/dia,2522.205,leido,si,"Excel KG producidos 2024-2026, hoja Data PA 2026",,
2026-02-14,sábado,2026-S07,2,L22,produccion_turno2,kg/dia,0.0,leido,si,"Excel KG producidos 2024-2026, hoja Data PA 2026",,
2026-02-16,lunes,2026-S08,2,L22,produccion,kg/dia,8367.786,leido,si,"Excel KG producidos 2024-2026, hoja Data PA 2026",,
2026-02-16,lunes,2026-S08,2,L22,produccion_turno1,kg/dia,4114.656,leido,si,"Excel KG producidos 2024-2026, hoja Data PA 2026",,
2026-02-16,lunes,2026-S08,2,L22,produccion_turno2,kg/dia,4253.13,leido,si,"Excel KG producidos 2024-2026, hoja Data PA 2026",,
2026-02-17,martes,2026-S08,2,L22,produccion,kg/dia,12630.807,leido,si,"Excel KG producidos 2024-2026, hoja Data PA 2026",,
2026-02-17,martes,2026-S08,2,L22,produccion_turno1,kg/dia,6251.112,leido,si,"Excel KG producidos 2024-2026, hoja Data PA 2026",,
2026-02-17,martes,2026-S08,2,L22,produccion_turno2,kg/dia,6379.695,leido,si,"Excel KG producidos 2024-2026, hoja Data PA 2026",,
2026-02-18,miércoles,2026-S08,2,L22,produccion,kg/dia,12650.589,leido,si,"Excel KG producidos 2024-2026, hoja Data PA 2026",,
2026-02-18,miércoles,2026-S08,2,L22,produccion_turno1,kg/dia,6280.785,leido,si,"Excel KG producidos 2024-2026, hoja Data PA 2026",,
2026-02-18,miércoles,2026-S08,2,L22,produccion_turno2,kg/dia,6369.804,leido,si,"Excel KG producidos 2024-2026, hoja Data PA 2026",,
2026-02-19,jueves,2026-S08,2,L22,produccion,kg/dia,8031.492,leido,si,"Excel KG producidos 2024-2026, hoja Data PA 2026",,
2026-02-19,jueves,2026-S08,2,L22,produccion_turno1,kg/dia,6369.804,leido,si,"Excel KG producidos 2024-2026, hoja Data PA 2026",,
2026-02-19,jueves,2026-S08,2,L22,produccion_turno2,kg/dia,1661.688,leido,si,"Excel KG producidos 2024-2026, hoja Data PA 2026",,
2026-02-20,viernes,2026-S08,2,L22,produccion,kg/dia,12254.949,leido,si,"Excel KG producidos 2024-2026, hoja Data PA 2026",,
2026-02-20,viernes,2026-S08,2,L22,produccion_turno1,kg/dia,6053.292,leido,si,"Excel KG producidos 2024-2026, hoja Data PA 2026",,
2026-02-20,viernes,2026-S08,2,L22,produccion_turno2,kg/dia,6201.657,leido,si,"Excel KG producidos 2024-2026, hoja Data PA 2026",,
2026-02-21,sábado,2026-S08,2,L22,produccion,kg/dia,18340.65,leido,si,"Excel KG producidos 2024-2026, hoja Data PA 2026",,
2026-02-21,sábado,2026-S08,2,L22,produccion_turno1,kg/dia,5926.725,leido,si,"Excel KG producidos 2024-2026, hoja Data PA 2026",,
2026-02-21,sábado,2026-S08,2,L22,produccion_turno2,kg/dia,12413.925,leido,si,"Excel KG producidos 2024-2026, hoja Data PA 2026",,
2026-02-23,lunes,2026-S09,2,L22,produccion,kg/dia,29669.4,leido,si,"Excel KG producidos 2024-2026, hoja Data PA 2026",,
2026-02-23,lunes,2026-S09,2,L22,produccion_turno1,kg/dia,14965.875,leido,si,"Excel KG producidos 2024-2026, hoja Data PA 2026",,
2026-02-23,lunes,2026-S09,2,L22,produccion_turno2,kg/dia,14703.525,leido,si,"Excel KG producidos 2024-2026, hoja Data PA 2026",,
2026-02-24,martes,2026-S09,2,L22,produccion,kg/dia,31517.775,leido,si,"Excel KG producidos 2024-2026, hoja Data PA 2026",,
2026-02-24,martes,2026-S09,2,L22,produccion_turno1,kg/dia,14846.625,leido,si,"Excel KG producidos 2024-2026, hoja Data PA 2026",,
2026-02-24,martes,2026-S09,2,L22,produccion_turno2,kg/dia,16671.15,leido,si,"Excel KG producidos 2024-2026, hoja Data PA 2026",,
2026-02-25,miércoles,2026-S09,2,L22,produccion,kg/dia,30062.925,leido,si,"Excel KG producidos 2024-2026, hoja Data PA 2026",,
2026-02-25,miércoles,2026-S09,2,L22,produccion_turno1,kg/dia,15275.925,leido,si,"Excel KG producidos 2024-2026, hoja Data PA 2026",,
2026-02-25,miércoles,2026-S09,2,L22,produccion_turno2,kg/dia,14787.0,leido,si,"Excel KG producidos 2024-2026, hoja Data PA 2026",,
2026-02-26,jueves,2026-S09,2,L22,produccion,kg/dia,31613.175,leido,si,"Excel KG producidos 2024-2026, hoja Data PA 2026",,
2026-02-26,jueves,2026-S09,2,L22,produccion_turno1,kg/dia,15395.175,leido,si,"Excel KG producidos 2024-2026, hoja Data PA 2026",,
2026-02-26,jueves,2026-S09,2,L22,produccion_turno2,kg/dia,16218.0,leido,si,"Excel KG producidos 2024-2026, hoja Data PA 2026",,
2026-02-27,viernes,2026-S09,2,L22,produccion,kg/dia,31696.65,leido,si,"Excel KG producidos 2024-2026, hoja Data PA 2026",,
2026-02-27,viernes,2026-S09,2,L22,produccion_turno1,kg/dia,14405.4,leido,si,"Excel KG producidos 2024-2026, hoja Data PA 2026",,
2026-02-27,viernes,2026-S09,2,L22,produccion_turno2,kg/dia,17291.25,leido,si,"Excel KG producidos 2024-2026, hoja Data PA 2026",,
2026-03-02,lunes,2026-S10,3,L22,produccion,kg/dia,31982.85,leido,si,"Excel KG producidos 2024-2026, hoja Data PA 2026",,
2026-03-02,lunes,2026-S10,3,L22,produccion_turno1,kg/dia,14906.25,leido,si,"Excel KG producidos 2024-2026, hoja Data PA 2026",,
2026-03-02,lunes,2026-S10,3,L22,produccion_turno2,kg/dia,17076.6,leido,si,"Excel KG producidos 2024-2026, hoja Data PA 2026",,
2026-03-03,martes,2026-S10,3,L22,produccion,kg/dia,31231.575,leido,si,"Excel KG producidos 2024-2026, hoja Data PA 2026",,
2026-03-03,martes,2026-S10,3,L22,produccion_turno1,kg/dia,13856.85,leido,si,"Excel KG producidos 2024-2026, hoja Data PA 2026",,
2026-03-03,martes,2026-S10,3,L22,produccion_turno2,kg/dia,17374.725,leido,si,"Excel KG producidos 2024-2026, hoja Data PA 2026",,
2026-03-04,miércoles,2026-S10,3,L22,produccion,kg/dia,18119.047,leido,si,"Excel KG producidos 2024-2026, hoja Data PA 2026",,
2026-03-04,miércoles,2026-S10,3,L22,produccion_turno1,kg/dia,11140.954,leido,si,"Excel KG producidos 2024-2026, hoja Data PA 2026",,
2026-03-04,miércoles,2026-S10,3,L22,produccion_turno2,kg/dia,6978.093,leido,si,"Excel KG producidos 2024-2026, hoja Data PA 2026",,
2026-03-05,jueves,2026-S10,3,L22,produccion,kg/dia,15987.746,leido,si,"Excel KG producidos 2024-2026, hoja Data PA 2026",,
2026-03-05,jueves,2026-S10,3,L22,produccion_turno1,kg/dia,8455.958,leido,si,"Excel KG producidos 2024-2026, hoja Data PA 2026",,
2026-03-05,jueves,2026-S10,3,L22,produccion_turno2,kg/dia,7531.788,leido,si,"Excel KG producidos 2024-2026, hoja Data PA 2026",,
2026-03-06,viernes,2026-S10,3,L22,produccion,kg/dia,18122.24,leido,si,"Excel KG producidos 2024-2026, hoja Data PA 2026",,
2026-03-06,viernes,2026-S10,3,L22,produccion_turno1,kg/dia,9287.648,leido,si,"Excel KG producidos 2024-2026, hoja Data PA 2026",,
2026-03-06,viernes,2026-S10,3,L22,produccion_turno2,kg/dia,8834.592,leido,si,"Excel KG producidos 2024-2026, hoja Data PA 2026",,
2026-03-07,sábado,2026-S10,3,L22,produccion,kg/dia,12897.938,leido,si,"Excel KG producidos 2024-2026, hoja Data PA 2026",,
2026-03-07,sábado,2026-S10,3,L22,produccion_turno1,kg/dia,6102.098,leido,si,"Excel KG producidos 2024-2026, hoja Data PA 2026",,
2026-03-07,sábado,2026-S10,3,L22,produccion_turno2,kg/dia,6795.84,leido,si,"Excel KG producidos 2024-2026, hoja Data PA 2026",,
2026-03-09,lunes,2026-S11,3,L22,produccion,kg/dia,8919.54,leido,si,"Excel KG producidos 2024-2026, hoja Data PA 2026",,
2026-03-09,lunes,2026-S11,3,L22,produccion_turno1,kg/dia,8919.54,leido,si,"Excel KG producidos 2024-2026, hoja Data PA 2026",,
2026-03-09,lunes,2026-S11,3,L22,produccion_turno2,kg/dia,0.0,leido,si,"Excel KG producidos 2024-2026, hoja Data PA 2026",,
2026-03-10,martes,2026-S11,3,L22,produccion,kg/dia,0.0,leido,si,"Excel KG producidos 2024-2026, hoja Data PA 2026",,Día con mantenimiento programado.
2026-03-10,martes,2026-S11,3,L22,produccion_turno1,kg/dia,0.0,leido,si,"Excel KG producidos 2024-2026, hoja Data PA 2026",,Día con mantenimiento programado.
2026-03-10,martes,2026-S11,3,L22,produccion_turno2,kg/dia,0.0,leido,si,"Excel KG producidos 2024-2026, hoja Data PA 2026",,Día con mantenimiento programado.
2026-03-11,miércoles,2026-S11,3,L22,produccion,kg/dia,0.0,leido,si,"Excel KG producidos 2024-2026, hoja Data PA 2026",,Día con mantenimiento programado.
2026-03-11,miércoles,2026-S11,3,L22,produccion_turno1,kg/dia,0.0,leido,si,"Excel KG producidos 2024-2026, hoja Data PA 2026",,Día con mantenimiento programado.
2026-03-11,miércoles,2026-S11,3,L22,produccion_turno2,kg/dia,0.0,leido,si,"Excel KG producidos 2024-2026, hoja Data PA 2026",,Día con mantenimiento programado.
2026-03-12,jueves,2026-S11,3,L22,produccion,kg/dia,3495.443,leido,si,"Excel KG producidos 2024-2026, hoja Data PA 2026",,
2026-03-12,jueves,2026-S11,3,L22,produccion_turno1,kg/dia,3495.443,leido,si,"Excel KG producidos 2024-2026, hoja Data PA 2026",,
2026-03-12,jueves,2026-S11,3,L22,produccion_turno2,kg/dia,0.0,leido,si,"Excel KG producidos 2024-2026, hoja Data PA 2026",,
2026-03-13,viernes,2026-S11,3,L22,produccion,kg/dia,5885.145,leido,si,"Excel KG producidos 2024-2026, hoja Data PA 2026",,
2026-03-13,viernes,2026-S11,3,L22,produccion_turno1,kg/dia,5885.145,leido,si,"Excel KG producidos 2024-2026, hoja Data PA 2026",,
2026-03-13,viernes,2026-S11,3,L22,produccion_turno2,kg/dia,0.0,leido,si,"Excel KG producidos 2024-2026, hoja Data PA 2026",,
2026-03-14,sábado,2026-S11,3,L22,produccion,kg/dia,1958.418,leido,si,"Excel KG producidos 2024-2026, hoja Data PA 2026",,
2026-03-14,sábado,2026-S11,3,L22,produccion_turno1,kg/dia,1018.773,leido,si,"Excel KG producidos 2024-2026, hoja Data PA 2026",,
2026-03-14,sábado,2026-S11,3,L22,produccion_turno2,kg/dia,939.645,leido,si,"Excel KG producidos 2024-2026, hoja Data PA 2026",,
2026-03-16,lunes,2026-S12,3,L22,produccion,kg/dia,11997.783,leido,si,"Excel KG producidos 2024-2026, hoja Data PA 2026",,
2026-03-16,lunes,2026-S12,3,L22,produccion_turno1,kg/dia,6152.202,leido,si,"Excel KG producidos 2024-2026, hoja Data PA 2026",,
2026-03-16,lunes,2026-S12,3,L22,produccion_turno2,kg/dia,5845.581,leido,si,"Excel KG producidos 2024-2026, hoja Data PA 2026",,
2026-03-17,martes,2026-S12,3,L22,produccion,kg/dia,11997.783,leido,si,"Excel KG producidos 2024-2026, hoja Data PA 2026",,
2026-03-17,martes,2026-S12,3,L22,produccion_turno1,kg/dia,5697.216,leido,si,"Excel KG producidos 2024-2026, hoja Data PA 2026",,
2026-03-17,martes,2026-S12,3,L22,produccion_turno2,kg/dia,6300.567,leido,si,"Excel KG producidos 2024-2026, hoja Data PA 2026",,
2026-03-18,miércoles,2026-S12,3,L22,produccion,kg/dia,12057.129,leido,si,"Excel KG producidos 2024-2026, hoja Data PA 2026",,
2026-03-18,miércoles,2026-S12,3,L22,produccion_turno1,kg/dia,6043.401,leido,si,"Excel KG producidos 2024-2026, hoja Data PA 2026",,
2026-03-18,miércoles,2026-S12,3,L22,produccion_turno2,kg/dia,6013.728,leido,si,"Excel KG producidos 2024-2026, hoja Data PA 2026",,
2026-03-19,jueves,2026-S12,3,L22,produccion,kg/dia,6495.633,leido,si,"Excel KG producidos 2024-2026, hoja Data PA 2026",,
2026-03-19,jueves,2026-S12,3,L22,produccion_turno1,kg/dia,5064.192,leido,si,"Excel KG producidos 2024-2026, hoja Data PA 2026",,
2026-03-19,jueves,2026-S12,3,L22,produccion_turno2,kg/dia,1431.441,leido,si,"Excel KG producidos 2024-2026, hoja Data PA 2026",,
2026-03-20,viernes,2026-S12,3,L22,produccion,kg/dia,19604.7,leido,si,"Excel KG producidos 2024-2026, hoja Data PA 2026",,
2026-03-20,viernes,2026-S12,3,L22,produccion_turno1,kg/dia,16015.275,leido,si,"Excel KG producidos 2024-2026, hoja Data PA 2026",,
2026-03-20,viernes,2026-S12,3,L22,produccion_turno2,kg/dia,3589.425,leido,si,"Excel KG producidos 2024-2026, hoja Data PA 2026",,
2026-03-21,sábado,2026-S12,3,L22,produccion,kg/dia,26390.025,leido,si,"Excel KG producidos 2024-2026, hoja Data PA 2026",,
2026-03-21,sábado,2026-S12,3,L22,produccion_turno1,kg/dia,14310.0,leido,si,"Excel KG producidos 2024-2026, hoja Data PA 2026",,
2026-03-21,sábado,2026-S12,3,L22,produccion_turno2,kg/dia,12080.025,leido,si,"Excel KG producidos 2024-2026, hoja Data PA 2026",,
2026-03-25,miércoles,2026-S13,3,L22,produccion,kg/dia,14023.8,leido,si,"Excel KG producidos 2024-2026, hoja Data PA 2026",,
2026-03-25,miércoles,2026-S13,3,L22,produccion_turno1,kg/dia,0.0,leido,si,"Excel KG producidos 2024-2026, hoja Data PA 2026",,
2026-03-25,miércoles,2026-S13,3,L22,produccion_turno2,kg/dia,14023.8,leido,si,"Excel KG producidos 2024-2026, hoja Data PA 2026",,
2026-03-26,jueves,2026-S13,3,L22,produccion,kg/dia,12926.7,leido,si,"Excel KG producidos 2024-2026, hoja Data PA 2026",,
2026-03-26,jueves,2026-S13,3,L22,produccion_turno1,kg/dia,0.0,leido,si,"Excel KG producidos 2024-2026, hoja Data PA 2026",,
2026-03-26,jueves,2026-S13,3,L22,produccion_turno2,kg/dia,12926.7,leido,si,"Excel KG producidos 2024-2026, hoja Data PA 2026",,
2026-03-27,viernes,2026-S13,3,L22,produccion,kg/dia,14906.25,leido,si,"Excel KG producidos 2024-2026, hoja Data PA 2026",,
2026-03-27,viernes,2026-S13,3,L22,produccion_turno1,kg/dia,0.0,leido,si,"Excel KG producidos 2024-2026, hoja Data PA 2026",,
2026-03-27,viernes,2026-S13,3,L22,produccion_turno2,kg/dia,14906.25,leido,si,"Excel KG producidos 2024-2026, hoja Data PA 2026",,
2026-03-28,sábado,2026-S13,3,L22,produccion,kg/dia,12747.825,leido,si,"Excel KG producidos 2024-2026, hoja Data PA 2026",,
2026-03-28,sábado,2026-S13,3,L22,produccion_turno1,kg/dia,0.0,leido,si,"Excel KG producidos 2024-2026, hoja Data PA 2026",,
2026-03-28,sábado,2026-S13,3,L22,produccion_turno2,kg/dia,12747.825,leido,si,"Excel KG producidos 2024-2026, hoja Data PA 2026",,
2026-03-30,lunes,2026-S14,3,L22,produccion,kg/dia,26306.55,leido,si,"Excel KG producidos 2024-2026, hoja Data PA 2026",,
2026-03-30,lunes,2026-S14,3,L22,produccion_turno1,kg/dia,13892.625,leido,si,"Excel KG producidos 2024-2026, hoja Data PA 2026",,
2026-03-30,lunes,2026-S14,3,L22,produccion_turno2,kg/dia,12413.925,leido,si,"Excel KG producidos 2024-2026, hoja Data PA 2026",,
2026-04-01,miércoles,2026-S14,4,L22,produccion,kg/dia,28691.55,leido,si,"Excel KG producidos 2024-2026, hoja Data PA 2026",,
2026-04-01,miércoles,2026-S14,4,L22,produccion_turno1,kg/dia,14429.25,leido,si,"Excel KG producidos 2024-2026, hoja Data PA 2026",,
2026-04-01,miércoles,2026-S14,4,L22,produccion_turno2,kg/dia,14262.3,leido,si,"Excel KG producidos 2024-2026, hoja Data PA 2026",,
2026-04-04,sábado,2026-S14,4,L22,produccion,kg/dia,26485.425,leido,si,"Excel KG producidos 2024-2026, hoja Data PA 2026",,
2026-04-04,sábado,2026-S14,4,L22,produccion_turno1,kg/dia,13451.4,leido,si,"Excel KG producidos 2024-2026, hoja Data PA 2026",,
2026-04-04,sábado,2026-S14,4,L22,produccion_turno2,kg/dia,13034.025,leido,si,"Excel KG producidos 2024-2026, hoja Data PA 2026",,
2026-04-06,lunes,2026-S15,4,L22,produccion,kg/dia,7095.375,leido,si,"Excel KG producidos 2024-2026, hoja Data PA 2026",,
2026-04-06,lunes,2026-S15,4,L22,produccion_turno1,kg/dia,7095.375,leido,si,"Excel KG producidos 2024-2026, hoja Data PA 2026",,
2026-04-06,lunes,2026-S15,4,L22,produccion_turno2,kg/dia,0.0,leido,si,"Excel KG producidos 2024-2026, hoja Data PA 2026",,
2026-04-07,martes,2026-S15,4,L22,produccion,kg/dia,8126.692,leido,si,"Excel KG producidos 2024-2026, hoja Data PA 2026",,
2026-04-07,martes,2026-S15,4,L22,produccion_turno1,kg/dia,8126.692,leido,si,"Excel KG producidos 2024-2026, hoja Data PA 2026",,
2026-04-07,martes,2026-S15,4,L22,produccion_turno2,kg/dia,0.0,leido,si,"Excel KG producidos 2024-2026, hoja Data PA 2026",,
2026-04-08,miércoles,2026-S15,4,L22,produccion,kg/dia,8013.428,leido,si,"Excel KG producidos 2024-2026, hoja Data PA 2026",,
2026-04-08,miércoles,2026-S15,4,L22,produccion_turno1,kg/dia,8013.428,leido,si,"Excel KG producidos 2024-2026, hoja Data PA 2026",,
2026-04-08,miércoles,2026-S15,4,L22,produccion_turno2,kg/dia,0.0,leido,si,"Excel KG producidos 2024-2026, hoja Data PA 2026",,
2026-04-09,jueves,2026-S15,4,L22,produccion,kg/dia,9046.962,leido,si,"Excel KG producidos 2024-2026, hoja Data PA 2026",,
2026-04-09,jueves,2026-S15,4,L22,produccion_turno1,kg/dia,9046.962,leido,si,"Excel KG producidos 2024-2026, hoja Data PA 2026",,
2026-04-09,jueves,2026-S15,4,L22,produccion_turno2,kg/dia,0.0,leido,si,"Excel KG producidos 2024-2026, hoja Data PA 2026",,
2026-04-10,viernes,2026-S15,4,L22,produccion,kg/dia,7845.482,leido,si,"Excel KG producidos 2024-2026, hoja Data PA 2026",,
2026-04-10,viernes,2026-S15,4,L22,produccion_turno1,kg/dia,7845.482,leido,si,"Excel KG producidos 2024-2026, hoja Data PA 2026",,
2026-04-10,viernes,2026-S15,4,L22,produccion_turno2,kg/dia,0.0,leido,si,"Excel KG producidos 2024-2026, hoja Data PA 2026",,
2026-04-11,sábado,2026-S15,4,L22,produccion,kg/dia,6926.689,leido,si,"Excel KG producidos 2024-2026, hoja Data PA 2026",,
2026-04-11,sábado,2026-S15,4,L22,produccion_turno1,kg/dia,6926.689,leido,si,"Excel KG producidos 2024-2026, hoja Data PA 2026",,
2026-04-11,sábado,2026-S15,4,L22,produccion_turno2,kg/dia,0.0,leido,si,"Excel KG producidos 2024-2026, hoja Data PA 2026",,
2026-04-13,lunes,2026-S16,4,L22,produccion,kg/dia,13647.627,leido,si,"Excel KG producidos 2024-2026, hoja Data PA 2026",,
2026-04-13,lunes,2026-S16,4,L22,produccion_turno1,kg/dia,8186.087,leido,si,"Excel KG producidos 2024-2026, hoja Data PA 2026",,
2026-04-13,lunes,2026-S16,4,L22,produccion_turno2,kg/dia,5461.54,leido,si,"Excel KG producidos 2024-2026, hoja Data PA 2026",,
2026-04-14,martes,2026-S16,4,L22,produccion,kg/dia,12254.949,leido,si,"Excel KG producidos 2024-2026, hoja Data PA 2026",,
2026-04-14,martes,2026-S16,4,L22,produccion_turno1,kg/dia,6082.965,leido,si,"Excel KG producidos 2024-2026, hoja Data PA 2026",,
2026-04-14,martes,2026-S16,4,L22,produccion_turno2,kg/dia,6171.984,leido,si,"Excel KG producidos 2024-2026, hoja Data PA 2026",,
2026-04-15,miércoles,2026-S16,4,L22,produccion,kg/dia,11740.617,leido,si,"Excel KG producidos 2024-2026, hoja Data PA 2026",,
2026-04-15,miércoles,2026-S16,4,L22,produccion_turno1,kg/dia,5538.96,leido,si,"Excel KG producidos 2024-2026, hoja Data PA 2026",,
2026-04-15,miércoles,2026-S16,4,L22,produccion_turno2,kg/dia,6201.657,leido,si,"Excel KG producidos 2024-2026, hoja Data PA 2026",,
2026-04-16,jueves,2026-S16,4,L22,produccion,kg/dia,11364.759,leido,si,"Excel KG producidos 2024-2026, hoja Data PA 2026",,
2026-04-16,jueves,2026-S16,4,L22,produccion_turno1,kg/dia,5598.306,leido,si,"Excel KG producidos 2024-2026, hoja Data PA 2026",,
2026-04-16,jueves,2026-S16,4,L22,produccion_turno2,kg/dia,5766.453,leido,si,"Excel KG producidos 2024-2026, hoja Data PA 2026",,
2026-04-17,viernes,2026-S16,4,L22,produccion,kg/dia,11068.029,leido,si,"Excel KG producidos 2024-2026, hoja Data PA 2026",,
2026-04-17,viernes,2026-S16,4,L22,produccion_turno1,kg/dia,4846.59,leido,si,"Excel KG producidos 2024-2026, hoja Data PA 2026",,
2026-04-17,viernes,2026-S16,4,L22,produccion_turno2,kg/dia,6221.439,leido,si,"Excel KG producidos 2024-2026, hoja Data PA 2026",,
2026-04-18,sábado,2026-S16,4,L22,produccion,kg/dia,2977.191,leido,si,"Excel KG producidos 2024-2026, hoja Data PA 2026",,
2026-04-18,sábado,2026-S16,4,L22,produccion_turno1,kg/dia,1661.688,leido,si,"Excel KG producidos 2024-2026, hoja Data PA 2026",,
2026-04-18,sábado,2026-S16,4,L22,produccion_turno2,kg/dia,1315.503,leido,si,"Excel KG producidos 2024-2026, hoja Data PA 2026",,
2026-04-20,lunes,2026-S17,4,L22,produccion,kg/dia,5756.562,leido,si,"Excel KG producidos 2024-2026, hoja Data PA 2026",,
2026-04-20,lunes,2026-S17,4,L22,produccion_turno1,kg/dia,1552.887,leido,si,"Excel KG producidos 2024-2026, hoja Data PA 2026",,
2026-04-20,lunes,2026-S17,4,L22,produccion_turno2,kg/dia,4203.675,leido,si,"Excel KG producidos 2024-2026, hoja Data PA 2026",,
2026-04-21,martes,2026-S17,4,L22,produccion,kg/dia,8971.137,leido,si,"Excel KG producidos 2024-2026, hoja Data PA 2026",,
2026-04-21,martes,2026-S17,4,L22,produccion_turno1,kg/dia,3639.888,leido,si,"Excel KG producidos 2024-2026, hoja Data PA 2026",,
2026-04-21,martes,2026-S17,4,L22,produccion_turno2,kg/dia,5331.249,leido,si,"Excel KG producidos 2024-2026, hoja Data PA 2026",,
2026-04-22,miércoles,2026-S17,4,L22,produccion,kg/dia,12096.693,leido,si,"Excel KG producidos 2024-2026, hoja Data PA 2026",,
2026-04-22,miércoles,2026-S17,4,L22,produccion_turno1,kg/dia,6033.51,leido,si,"Excel KG producidos 2024-2026, hoja Data PA 2026",,
2026-04-22,miércoles,2026-S17,4,L22,produccion_turno2,kg/dia,6063.183,leido,si,"Excel KG producidos 2024-2026, hoja Data PA 2026",,
2026-04-23,jueves,2026-S17,4,L22,produccion,kg/dia,21250.35,leido,si,"Excel KG producidos 2024-2026, hoja Data PA 2026",,
2026-04-23,jueves,2026-S17,4,L22,produccion_turno1,kg/dia,8120.925,leido,si,"Excel KG producidos 2024-2026, hoja Data PA 2026",,
2026-04-23,jueves,2026-S17,4,L22,produccion_turno2,kg/dia,13129.425,leido,si,"Excel KG producidos 2024-2026, hoja Data PA 2026",,
2026-04-24,viernes,2026-S17,4,L22,produccion,kg/dia,30873.825,leido,si,"Excel KG producidos 2024-2026, hoja Data PA 2026",,
2026-04-24,viernes,2026-S17,4,L22,produccion_turno1,kg/dia,14727.375,leido,si,"Excel KG producidos 2024-2026, hoja Data PA 2026",,
2026-04-24,viernes,2026-S17,4,L22,produccion_turno2,kg/dia,16146.45,leido,si,"Excel KG producidos 2024-2026, hoja Data PA 2026",,
2026-04-25,sábado,2026-S17,4,L22,produccion,kg/dia,23921.55,leido,si,"Excel KG producidos 2024-2026, hoja Data PA 2026",,
2026-04-25,sábado,2026-S17,4,L22,produccion_turno1,kg/dia,13105.575,leido,si,"Excel KG producidos 2024-2026, hoja Data PA 2026",,
2026-04-25,sábado,2026-S17,4,L22,produccion_turno2,kg/dia,10815.975,leido,si,"Excel KG producidos 2024-2026, hoja Data PA 2026",,
2026-04-27,lunes,2026-S18,4,L22,produccion,kg/dia,31231.575,leido,si,"Excel KG producidos 2024-2026, hoja Data PA 2026",,
2026-04-27,lunes,2026-S18,4,L22,produccion_turno1,kg/dia,16074.9,leido,si,"Excel KG producidos 2024-2026, hoja Data PA 2026",,
2026-04-27,lunes,2026-S18,4,L22,produccion_turno2,kg/dia,15156.675,leido,si,"Excel KG producidos 2024-2026, hoja Data PA 2026",,
2026-04-28,martes,2026-S18,4,L22,produccion,kg/dia,31171.95,leido,si,"Excel KG producidos 2024-2026, hoja Data PA 2026",,
2026-04-28,martes,2026-S18,4,L22,produccion_turno1,kg/dia,15991.425,leido,si,"Excel KG producidos 2024-2026, hoja Data PA 2026",,
2026-04-28,martes,2026-S18,4,L22,produccion_turno2,kg/dia,15180.525,leido,si,"Excel KG producidos 2024-2026, hoja Data PA 2026",,
2026-04-29,miércoles,2026-S18,4,L22,produccion,kg/dia,20868.75,leido,si,"Excel KG producidos 2024-2026, hoja Data PA 2026",,
2026-04-29,miércoles,2026-S18,4,L22,produccion_turno1,kg/dia,16420.725,leido,si,"Excel KG producidos 2024-2026, hoja Data PA 2026",,
2026-04-29,miércoles,2026-S18,4,L22,produccion_turno2,kg/dia,4448.025,leido,si,"Excel KG producidos 2024-2026, hoja Data PA 2026",,
2026-05-04,lunes,2026-S19,5,L22,produccion,kg/dia,25090.2,leido,si,"Excel KG producidos 2024-2026, hoja Data PA 2026",,
2026-05-04,lunes,2026-S19,5,L22,produccion_turno1,kg/dia,8168.625,leido,si,"Excel KG producidos 2024-2026, hoja Data PA 2026",,
2026-05-04,lunes,2026-S19,5,L22,produccion_turno2,kg/dia,16921.575,leido,si,"Excel KG producidos 2024-2026, hoja Data PA 2026",,
2026-05-05,martes,2026-S19,5,L22,produccion,kg/dia,16848.137,leido,si,"Excel KG producidos 2024-2026, hoja Data PA 2026",,
2026-05-05,martes,2026-S19,5,L22,produccion_turno1,kg/dia,11340.675,leido,si,"Excel KG producidos 2024-2026, hoja Data PA 2026",,
2026-05-05,martes,2026-S19,5,L22,produccion_turno2,kg/dia,5507.462,leido,si,"Excel KG producidos 2024-2026, hoja Data PA 2026",,
2026-05-06,miércoles,2026-S19,5,L22,produccion,kg/dia,17173.654,leido,si,"Excel KG producidos 2024-2026, hoja Data PA 2026",,
2026-05-06,miércoles,2026-S19,5,L22,produccion_turno1,kg/dia,8353.22,leido,si,"Excel KG producidos 2024-2026, hoja Data PA 2026",,
2026-05-06,miércoles,2026-S19,5,L22,produccion_turno2,kg/dia,8820.434,leido,si,"Excel KG producidos 2024-2026, hoja Data PA 2026",,
2026-05-07,jueves,2026-S19,5,L22,produccion,kg/dia,17485.13,leido,si,"Excel KG producidos 2024-2026, hoja Data PA 2026",,
2026-05-07,jueves,2026-S19,5,L22,produccion_turno1,kg/dia,9089.436,leido,si,"Excel KG producidos 2024-2026, hoja Data PA 2026",,
2026-05-07,jueves,2026-S19,5,L22,produccion_turno2,kg/dia,8395.694,leido,si,"Excel KG producidos 2024-2026, hoja Data PA 2026",,
2026-05-08,viernes,2026-S19,5,L22,produccion,kg/dia,16918.81,leido,si,"Excel KG producidos 2024-2026, hoja Data PA 2026",,
2026-05-08,viernes,2026-S19,5,L22,produccion_turno1,kg/dia,8820.434,leido,si,"Excel KG producidos 2024-2026, hoja Data PA 2026",,
2026-05-08,viernes,2026-S19,5,L22,produccion_turno2,kg/dia,8098.376,leido,si,"Excel KG producidos 2024-2026, hoja Data PA 2026",,
2026-05-11,lunes,2026-S20,5,L22,produccion,kg/dia,10137.128,leido,si,"Excel KG producidos 2024-2026, hoja Data PA 2026",,
2026-05-11,lunes,2026-S20,5,L22,produccion_turno1,kg/dia,3270.498,leido,si,"Excel KG producidos 2024-2026, hoja Data PA 2026",,
2026-05-11,lunes,2026-S20,5,L22,produccion_turno2,kg/dia,6866.63,leido,si,"Excel KG producidos 2024-2026, hoja Data PA 2026",,
2026-05-12,martes,2026-S20,5,L22,produccion,kg/dia,13619.693,leido,si,"Excel KG producidos 2024-2026, hoja Data PA 2026",,
2026-05-12,martes,2026-S20,5,L22,produccion_turno1,kg/dia,5921.944,leido,si,"Excel KG producidos 2024-2026, hoja Data PA 2026",,
2026-05-12,martes,2026-S20,5,L22,produccion_turno2,kg/dia,7697.749,leido,si,"Excel KG producidos 2024-2026, hoja Data PA 2026",,
2026-05-13,miércoles,2026-S20,5,L22,produccion,kg/dia,14123.249,leido,si,"Excel KG producidos 2024-2026, hoja Data PA 2026",,
2026-05-13,miércoles,2026-S20,5,L22,produccion_turno1,kg/dia,6862.434,leido,si,"Excel KG producidos 2024-2026, hoja Data PA 2026",,
2026-05-13,miércoles,2026-S20,5,L22,produccion_turno2,kg/dia,7260.815,leido,si,"Excel KG producidos 2024-2026, hoja Data PA 2026",,
2026-05-14,jueves,2026-S20,5,L22,produccion,kg/dia,10896.013,leido,si,"Excel KG producidos 2024-2026, hoja Data PA 2026",,
2026-05-14,jueves,2026-S20,5,L22,produccion_turno1,kg/dia,6811.03,leido,si,"Excel KG producidos 2024-2026, hoja Data PA 2026",,
2026-05-14,jueves,2026-S20,5,L22,produccion_turno2,kg/dia,4084.983,leido,si,"Excel KG producidos 2024-2026, hoja Data PA 2026",,
2026-05-15,viernes,2026-S20,5,L22,produccion,kg/dia,11572.47,leido,si,"Excel KG producidos 2024-2026, hoja Data PA 2026",,
2026-05-15,viernes,2026-S20,5,L22,produccion_turno1,kg/dia,5934.6,leido,si,"Excel KG producidos 2024-2026, hoja Data PA 2026",,
2026-05-15,viernes,2026-S20,5,L22,produccion_turno2,kg/dia,5637.87,leido,si,"Excel KG producidos 2024-2026, hoja Data PA 2026",,
2026-05-16,sábado,2026-S20,5,L22,produccion,kg/dia,9772.308,leido,si,"Excel KG producidos 2024-2026, hoja Data PA 2026",,
2026-05-16,sábado,2026-S20,5,L22,produccion_turno1,kg/dia,4846.59,leido,si,"Excel KG producidos 2024-2026, hoja Data PA 2026",,
2026-05-16,sábado,2026-S20,5,L22,produccion_turno2,kg/dia,4925.718,leido,si,"Excel KG producidos 2024-2026, hoja Data PA 2026",,
2026-05-19,martes,2026-S21,5,L22,produccion,kg/dia,10988.901,leido,si,"Excel KG producidos 2024-2026, hoja Data PA 2026",,
2026-05-19,martes,2026-S21,5,L22,produccion_turno1,kg/dia,5331.249,leido,si,"Excel KG producidos 2024-2026, hoja Data PA 2026",,
2026-05-19,martes,2026-S21,5,L22,produccion_turno2,kg/dia,5657.652,leido,si,"Excel KG producidos 2024-2026, hoja Data PA 2026",,
2026-05-20,miércoles,2026-S21,5,L22,produccion,kg/dia,11226.285,leido,si,"Excel KG producidos 2024-2026, hoja Data PA 2026",,
2026-05-20,miércoles,2026-S21,5,L22,produccion_turno1,kg/dia,5153.211,leido,si,"Excel KG producidos 2024-2026, hoja Data PA 2026",,
2026-05-20,miércoles,2026-S21,5,L22,produccion_turno2,kg/dia,6073.074,leido,si,"Excel KG producidos 2024-2026, hoja Data PA 2026",,
2026-05-21,jueves,2026-S21,5,L22,produccion,kg/dia,11542.797,leido,si,"Excel KG producidos 2024-2026, hoja Data PA 2026",,
2026-05-21,jueves,2026-S21,5,L22,produccion_turno1,kg/dia,5192.775,leido,si,"Excel KG producidos 2024-2026, hoja Data PA 2026",,
2026-05-21,jueves,2026-S21,5,L22,produccion_turno2,kg/dia,6350.022,leido,si,"Excel KG producidos 2024-2026, hoja Data PA 2026",,
2026-05-22,viernes,2026-S21,5,L22,produccion,kg/dia,12185.712,leido,si,"Excel KG producidos 2024-2026, hoja Data PA 2026",,
2026-05-22,viernes,2026-S21,5,L22,produccion_turno1,kg/dia,5875.254,leido,si,"Excel KG producidos 2024-2026, hoja Data PA 2026",,
2026-05-22,viernes,2026-S21,5,L22,produccion_turno2,kg/dia,6310.458,leido,si,"Excel KG producidos 2024-2026, hoja Data PA 2026",,
2026-05-23,sábado,2026-S21,5,L22,produccion,kg/dia,8429.319,leido,si,"Excel KG producidos 2024-2026, hoja Data PA 2026",,
2026-05-23,sábado,2026-S21,5,L22,produccion_turno1,kg/dia,4638.879,leido,si,"Excel KG producidos 2024-2026, hoja Data PA 2026",,
2026-05-23,sábado,2026-S21,5,L22,produccion_turno2,kg/dia,3790.44,leido,si,"Excel KG producidos 2024-2026, hoja Data PA 2026",,
2026-05-25,lunes,2026-S22,5,L22,produccion,kg/dia,13391.775,leido,si,"Excel KG producidos 2024-2026, hoja Data PA 2026",,Día con mantenimiento programado.
2026-05-25,lunes,2026-S22,5,L22,produccion_turno1,kg/dia,0.0,leido,si,"Excel KG producidos 2024-2026, hoja Data PA 2026",,Día con mantenimiento programado.
2026-05-25,lunes,2026-S22,5,L22,produccion_turno2,kg/dia,13391.775,leido,si,"Excel KG producidos 2024-2026, hoja Data PA 2026",,Día con mantenimiento programado.
2026-05-26,martes,2026-S22,5,L22,produccion,kg/dia,14572.35,leido,si,"Excel KG producidos 2024-2026, hoja Data PA 2026",,Día con mantenimiento programado.
2026-05-26,martes,2026-S22,5,L22,produccion_turno1,kg/dia,0.0,leido,si,"Excel KG producidos 2024-2026, hoja Data PA 2026",,Día con mantenimiento programado.
2026-05-26,martes,2026-S22,5,L22,produccion_turno2,kg/dia,14572.35,leido,si,"Excel KG producidos 2024-2026, hoja Data PA 2026",,Día con mantenimiento programado.
2026-05-27,miércoles,2026-S22,5,L22,produccion,kg/dia,6606.45,leido,si,"Excel KG producidos 2024-2026, hoja Data PA 2026",,
2026-05-27,miércoles,2026-S22,5,L22,produccion_turno1,kg/dia,6606.45,leido,si,"Excel KG producidos 2024-2026, hoja Data PA 2026",,
2026-05-27,miércoles,2026-S22,5,L22,produccion_turno2,kg/dia,0.0,leido,si,"Excel KG producidos 2024-2026, hoja Data PA 2026",,
2026-05-28,jueves,2026-S22,5,L22,produccion,kg/dia,25865.325,leido,si,"Excel KG producidos 2024-2026, hoja Data PA 2026",,
2026-05-28,jueves,2026-S22,5,L22,produccion_turno1,kg/dia,14047.65,leido,si,"Excel KG producidos 2024-2026, hoja Data PA 2026",,
2026-05-28,jueves,2026-S22,5,L22,produccion_turno2,kg/dia,11817.675,leido,si,"Excel KG producidos 2024-2026, hoja Data PA 2026",,
2026-05-29,viernes,2026-S22,5,L22,produccion,kg/dia,28548.45,leido,si,"Excel KG producidos 2024-2026, hoja Data PA 2026",,
2026-05-29,viernes,2026-S22,5,L22,produccion_turno1,kg/dia,14596.2,leido,si,"Excel KG producidos 2024-2026, hoja Data PA 2026",,
2026-05-29,viernes,2026-S22,5,L22,produccion_turno2,kg/dia,13952.25,leido,si,"Excel KG producidos 2024-2026, hoja Data PA 2026",,
2026-06-01,lunes,2026-S23,6,L22,produccion,kg/dia,13117.5,leido,si,"Excel KG producidos 2024-2026, hoja Data PA 2026",,
2026-06-01,lunes,2026-S23,6,L22,produccion_turno1,kg/dia,0.0,leido,si,"Excel KG producidos 2024-2026, hoja Data PA 2026",,
2026-06-01,lunes,2026-S23,6,L22,produccion_turno2,kg/dia,13117.5,leido,si,"Excel KG producidos 2024-2026, hoja Data PA 2026",,
2026-06-02,martes,2026-S23,6,L22,produccion,kg/dia,26008.425,leido,si,"Excel KG producidos 2024-2026, hoja Data PA 2026",,
2026-06-02,martes,2026-S23,6,L22,produccion_turno1,kg/dia,13415.625,leido,si,"Excel KG producidos 2024-2026, hoja Data PA 2026",,
2026-06-02,martes,2026-S23,6,L22,produccion_turno2,kg/dia,12592.8,leido,si,"Excel KG producidos 2024-2026, hoja Data PA 2026",,
2026-06-03,miércoles,2026-S23,6,L22,produccion,kg/dia,29740.95,leido,si,"Excel KG producidos 2024-2026, hoja Data PA 2026",,
2026-06-03,miércoles,2026-S23,6,L22,produccion_turno1,kg/dia,15252.075,leido,si,"Excel KG producidos 2024-2026, hoja Data PA 2026",,
2026-06-03,miércoles,2026-S23,6,L22,produccion_turno2,kg/dia,14488.875,leido,si,"Excel KG producidos 2024-2026, hoja Data PA 2026",,
2026-06-04,jueves,2026-S23,6,L22,produccion,kg/dia,10108.812,leido,si,"Excel KG producidos 2024-2026, hoja Data PA 2026",,
2026-06-04,jueves,2026-S23,6,L22,produccion_turno1,kg/dia,4700.456,leido,si,"Excel KG producidos 2024-2026, hoja Data PA 2026",,
2026-06-04,jueves,2026-S23,6,L22,produccion_turno2,kg/dia,5408.356,leido,si,"Excel KG producidos 2024-2026, hoja Data PA 2026",,
2026-06-05,viernes,2026-S23,6,L22,produccion,kg/dia,14625.214,leido,si,"Excel KG producidos 2024-2026, hoja Data PA 2026",,
2026-06-05,viernes,2026-S23,6,L22,produccion_turno1,kg/dia,6540.996,leido,si,"Excel KG producidos 2024-2026, hoja Data PA 2026",,
2026-06-05,viernes,2026-S23,6,L22,produccion_turno2,kg/dia,8084.218,leido,si,"Excel KG producidos 2024-2026, hoja Data PA 2026",,
2026-06-06,sábado,2026-S23,6,L22,produccion,kg/dia,12445.278,leido,si,"Excel KG producidos 2024-2026, hoja Data PA 2026",,
2026-06-06,sábado,2026-S23,6,L22,produccion_turno1,kg/dia,7093.158,leido,si,"Excel KG producidos 2024-2026, hoja Data PA 2026",,
2026-06-06,sábado,2026-S23,6,L22,produccion_turno2,kg/dia,5352.12,leido,si,"Excel KG producidos 2024-2026, hoja Data PA 2026",,
2026-06-09,martes,2026-S24,6,L22,produccion,kg/dia,7106.603,leido,si,"Excel KG producidos 2024-2026, hoja Data PA 2026",,
2026-06-09,martes,2026-S24,6,L22,produccion_turno1,kg/dia,7106.603,leido,si,"Excel KG producidos 2024-2026, hoja Data PA 2026",,
2026-06-09,martes,2026-S24,6,L22,produccion_turno2,kg/dia,0.0,leido,si,"Excel KG producidos 2024-2026, hoja Data PA 2026",,
2026-06-10,miércoles,2026-S24,6,L22,produccion,kg/dia,7826.259,leido,si,"Excel KG producidos 2024-2026, hoja Data PA 2026",,
2026-06-10,miércoles,2026-S24,6,L22,produccion_turno1,kg/dia,7826.259,leido,si,"Excel KG producidos 2024-2026, hoja Data PA 2026",,
2026-06-10,miércoles,2026-S24,6,L22,produccion_turno2,kg/dia,0.0,leido,si,"Excel KG producidos 2024-2026, hoja Data PA 2026",,
2026-06-11,jueves,2026-S24,6,L22,produccion,kg/dia,7916.216,leido,si,"Excel KG producidos 2024-2026, hoja Data PA 2026",,
2026-06-11,jueves,2026-S24,6,L22,produccion_turno1,kg/dia,7916.216,leido,si,"Excel KG producidos 2024-2026, hoja Data PA 2026",,
2026-06-11,jueves,2026-S24,6,L22,produccion_turno2,kg/dia,0.0,leido,si,"Excel KG producidos 2024-2026, hoja Data PA 2026",,
2026-06-12,viernes,2026-S24,6,L22,produccion,kg/dia,5178.672,leido,si,"Excel KG producidos 2024-2026, hoja Data PA 2026",,
2026-06-12,viernes,2026-S24,6,L22,produccion_turno1,kg/dia,5178.672,leido,si,"Excel KG producidos 2024-2026, hoja Data PA 2026",,
2026-06-12,viernes,2026-S24,6,L22,produccion_turno2,kg/dia,0.0,leido,si,"Excel KG producidos 2024-2026, hoja Data PA 2026",,
2026-06-13,sábado,2026-S24,6,L22,produccion,kg/dia,5083.974,leido,si,"Excel KG producidos 2024-2026, hoja Data PA 2026",,
2026-06-13,sábado,2026-S24,6,L22,produccion_turno1,kg/dia,5083.974,leido,si,"Excel KG producidos 2024-2026, hoja Data PA 2026",,
2026-06-13,sábado,2026-S24,6,L22,produccion_turno2,kg/dia,0.0,leido,si,"Excel KG producidos 2024-2026, hoja Data PA 2026",,
2026-06-16,martes,2026-S25,6,L22,produccion,kg/dia,11384.541,leido,si,"Excel KG producidos 2024-2026, hoja Data PA 2026",,
2026-06-16,martes,2026-S25,6,L22,produccion_turno1,kg/dia,5815.908,leido,si,"Excel KG producidos 2024-2026, hoja Data PA 2026",,
2026-06-16,martes,2026-S25,6,L22,produccion_turno2,kg/dia,5568.633,leido,si,"Excel KG producidos 2024-2026, hoja Data PA 2026",,
2026-06-17,miércoles,2026-S25,6,L22,produccion,kg/dia,9495.36,leido,si,"Excel KG producidos 2024-2026, hoja Data PA 2026",,
2026-06-17,miércoles,2026-S25,6,L22,produccion_turno1,kg/dia,5252.121,leido,si,"Excel KG producidos 2024-2026, hoja Data PA 2026",,
2026-06-17,miércoles,2026-S25,6,L22,produccion_turno2,kg/dia,4243.239,leido,si,"Excel KG producidos 2024-2026, hoja Data PA 2026",,
2026-06-18,jueves,2026-S25,6,L22,produccion,kg/dia,10316.313,leido,si,"Excel KG producidos 2024-2026, hoja Data PA 2026",,
2026-06-18,jueves,2026-S25,6,L22,produccion_turno1,kg/dia,4846.59,leido,si,"Excel KG producidos 2024-2026, hoja Data PA 2026",,
2026-06-18,jueves,2026-S25,6,L22,produccion_turno2,kg/dia,5469.723,leido,si,"Excel KG producidos 2024-2026, hoja Data PA 2026",,
2026-06-19,viernes,2026-S25,6,L22,produccion,kg/dia,11592.252,leido,si,"Excel KG producidos 2024-2026, hoja Data PA 2026",,
2026-06-19,viernes,2026-S25,6,L22,produccion_turno1,kg/dia,5440.05,leido,si,"Excel KG producidos 2024-2026, hoja Data PA 2026",,
2026-06-19,viernes,2026-S25,6,L22,produccion_turno2,kg/dia,6152.202,leido,si,"Excel KG producidos 2024-2026, hoja Data PA 2026",,
2026-06-20,sábado,2026-S25,6,L22,produccion,kg/dia,9505.251,leido,si,"Excel KG producidos 2024-2026, hoja Data PA 2026",,
2026-06-20,sábado,2026-S25,6,L22,produccion_turno1,kg/dia,4876.263,leido,si,"Excel KG producidos 2024-2026, hoja Data PA 2026",,
2026-06-20,sábado,2026-S25,6,L22,produccion_turno2,kg/dia,4628.988,leido,si,"Excel KG producidos 2024-2026, hoja Data PA 2026",,
2026-06-22,lunes,2026-S26,6,L22,produccion,kg/dia,5598.306,leido,si,"Excel KG producidos 2024-2026, hoja Data PA 2026",,
2026-06-22,lunes,2026-S26,6,L22,produccion_turno1,kg/dia,5598.306,leido,si,"Excel KG producidos 2024-2026, hoja Data PA 2026",,
2026-06-22,lunes,2026-S26,6,L22,produccion_turno2,kg/dia,0.0,leido,si,"Excel KG producidos 2024-2026, hoja Data PA 2026",,
2026-06-23,martes,2026-S26,6,L22,produccion,kg/dia,6856.875,leido,si,"Excel KG producidos 2024-2026, hoja Data PA 2026",,
2026-06-23,martes,2026-S26,6,L22,produccion_turno1,kg/dia,6856.875,leido,si,"Excel KG producidos 2024-2026, hoja Data PA 2026",,
2026-06-23,martes,2026-S26,6,L22,produccion_turno2,kg/dia,0.0,leido,si,"Excel KG producidos 2024-2026, hoja Data PA 2026",,
2026-06-24,miércoles,2026-S26,6,L22,produccion,kg/dia,14274.225,leido,si,"Excel KG producidos 2024-2026, hoja Data PA 2026",,
2026-06-24,miércoles,2026-S26,6,L22,produccion_turno1,kg/dia,14274.225,leido,si,"Excel KG producidos 2024-2026, hoja Data PA 2026",,
2026-06-24,miércoles,2026-S26,6,L22,produccion_turno2,kg/dia,0.0,leido,si,"Excel KG producidos 2024-2026, hoja Data PA 2026",,
2026-06-25,jueves,2026-S26,6,L22,produccion,kg/dia,15407.1,leido,si,"Excel KG producidos 2024-2026, hoja Data PA 2026",,
2026-06-25,jueves,2026-S26,6,L22,produccion_turno1,kg/dia,15407.1,leido,si,"Excel KG producidos 2024-2026, hoja Data PA 2026",,
2026-06-25,jueves,2026-S26,6,L22,produccion_turno2,kg/dia,0.0,leido,si,"Excel KG producidos 2024-2026, hoja Data PA 2026",,
2026-06-26,viernes,2026-S26,6,L22,produccion,kg/dia,12175.425,leido,si,"Excel KG producidos 2024-2026, hoja Data PA 2026",,
2026-06-26,viernes,2026-S26,6,L22,produccion_turno1,kg/dia,12175.425,leido,si,"Excel KG producidos 2024-2026, hoja Data PA 2026",,
2026-06-26,viernes,2026-S26,6,L22,produccion_turno2,kg/dia,0.0,leido,si,"Excel KG producidos 2024-2026, hoja Data PA 2026",,
2026-06-30,martes,2026-S27,6,L22,produccion,kg/dia,0.0,leido,si,"Excel KG producidos 2024-2026, hoja Data PA 2026",,
2026-06-30,martes,2026-S27,6,L22,produccion_turno1,kg/dia,0.0,leido,si,"Excel KG producidos 2024-2026, hoja Data PA 2026",,
2026-06-30,martes,2026-S27,6,L22,produccion_turno2,kg/dia,0.0,leido,si,"Excel KG producidos 2024-2026, hoja Data PA 2026",,
2026-07-02,jueves,2026-S27,7,L22,produccion,kg/dia,25078.275,leido,si,"Excel KG producidos 2024-2026, hoja Data PA 2026",,
2026-07-02,jueves,2026-S27,7,L22,produccion_turno1,kg/dia,12628.575,leido,si,"Excel KG producidos 2024-2026, hoja Data PA 2026",,
2026-07-02,jueves,2026-S27,7,L22,produccion_turno2,kg/dia,12449.7,leido,si,"Excel KG producidos 2024-2026, hoja Data PA 2026",,
2026-07-03,viernes,2026-S27,7,L22,produccion,kg/dia,30551.85,leido,si,"Excel KG producidos 2024-2026, hoja Data PA 2026",,
2026-07-03,viernes,2026-S27,7,L22,produccion_turno1,kg/dia,15073.2,leido,si,"Excel KG producidos 2024-2026, hoja Data PA 2026",,
2026-07-03,viernes,2026-S27,7,L22,produccion_turno2,kg/dia,15478.65,leido,si,"Excel KG producidos 2024-2026, hoja Data PA 2026",,
2026-07-04,sábado,2026-S27,7,L22,produccion,kg/dia,22574.025,leido,si,"Excel KG producidos 2024-2026, hoja Data PA 2026",,
2026-07-04,sábado,2026-S27,7,L22,produccion_turno1,kg/dia,14083.425,leido,si,"Excel KG producidos 2024-2026, hoja Data PA 2026",,
2026-07-04,sábado,2026-S27,7,L22,produccion_turno2,kg/dia,8490.6,leido,si,"Excel KG producidos 2024-2026, hoja Data PA 2026",,
2026-07-06,lunes,2026-S28,7,L22,produccion,kg/dia,21351.501,leido,si,"Excel KG producidos 2024-2026, hoja Data PA 2026",,
2026-07-06,lunes,2026-S28,7,L22,produccion_turno1,kg/dia,14882.4,leido,si,"Excel KG producidos 2024-2026, hoja Data PA 2026",,
2026-07-06,lunes,2026-S28,7,L22,produccion_turno2,kg/dia,6469.101,leido,si,"Excel KG producidos 2024-2026, hoja Data PA 2026",,
2026-07-07,martes,2026-S28,7,L22,produccion,kg/dia,13775.734,leido,si,"Excel KG producidos 2024-2026, hoja Data PA 2026",,
2026-07-07,martes,2026-S28,7,L22,produccion_turno1,kg/dia,8537.274,leido,si,"Excel KG producidos 2024-2026, hoja Data PA 2026",,
2026-07-07,martes,2026-S28,7,L22,produccion_turno2,kg/dia,5238.46,leido,si,"Excel KG producidos 2024-2026, hoja Data PA 2026",,
2026-07-08,miércoles,2026-S28,7,L22,produccion,kg/dia,16055.172,leido,si,"Excel KG producidos 2024-2026, hoja Data PA 2026",,
2026-07-08,miércoles,2026-S28,7,L22,produccion_turno1,kg/dia,8225.798,leido,si,"Excel KG producidos 2024-2026, hoja Data PA 2026",,
2026-07-08,miércoles,2026-S28,7,L22,produccion_turno2,kg/dia,7829.374,leido,si,"Excel KG producidos 2024-2026, hoja Data PA 2026",,
2026-07-09,jueves,2026-S28,7,L22,produccion,kg/dia,15913.352,leido,si,"Excel KG producidos 2024-2026, hoja Data PA 2026",,
2026-07-09,jueves,2026-S28,7,L22,produccion_turno1,kg/dia,8919.54,leido,si,"Excel KG producidos 2024-2026, hoja Data PA 2026",,
2026-07-09,jueves,2026-S28,7,L22,produccion_turno2,kg/dia,6993.812,leido,si,"Excel KG producidos 2024-2026, hoja Data PA 2026",,
2026-07-10,viernes,2026-S28,7,L22,produccion,kg/dia,15164.18,leido,si,"Excel KG producidos 2024-2026, hoja Data PA 2026",,
2026-07-10,viernes,2026-S28,7,L22,produccion_turno1,kg/dia,7941.918,leido,si,"Excel KG producidos 2024-2026, hoja Data PA 2026",,
2026-07-10,viernes,2026-S28,7,L22,produccion_turno2,kg/dia,7222.262,leido,si,"Excel KG producidos 2024-2026, hoja Data PA 2026",,
2026-07-11,sábado,2026-S28,7,L22,produccion,kg/dia,12195.599,leido,si,"Excel KG producidos 2024-2026, hoja Data PA 2026",,
2026-07-11,sábado,2026-S28,7,L22,produccion_turno1,kg/dia,5937.162,leido,si,"Excel KG producidos 2024-2026, hoja Data PA 2026",,
2026-07-11,sábado,2026-S28,7,L22,produccion_turno2,kg/dia,6258.437,leido,si,"Excel KG producidos 2024-2026, hoja Data PA 2026",,
2026-07-14,martes,2026-S29,7,L22,produccion,kg/dia,13802.948,leido,si,"Excel KG producidos 2024-2026, hoja Data PA 2026",,
2026-07-14,martes,2026-S29,7,L22,produccion_turno1,kg/dia,6214.26,leido,si,"Excel KG producidos 2024-2026, hoja Data PA 2026",,
2026-07-14,martes,2026-S29,7,L22,produccion_turno2,kg/dia,7588.688,leido,si,"Excel KG producidos 2024-2026, hoja Data PA 2026",,
2026-07-15,miércoles,2026-S29,7,L22,produccion,kg/dia,11716.371,leido,si,"Excel KG producidos 2024-2026, hoja Data PA 2026",,
2026-07-15,miércoles,2026-S29,7,L22,produccion_turno1,kg/dia,8055.902,leido,si,"Excel KG producidos 2024-2026, hoja Data PA 2026",,
2026-07-15,miércoles,2026-S29,7,L22,produccion_turno2,kg/dia,3660.469,leido,si,"Excel KG producidos 2024-2026, hoja Data PA 2026",,
2026-07-16,jueves,2026-S29,7,L22,produccion,kg/dia,10543.806,leido,si,"Excel KG producidos 2024-2026, hoja Data PA 2026",,
2026-07-16,jueves,2026-S29,7,L22,produccion_turno1,kg/dia,5697.216,leido,si,"Excel KG producidos 2024-2026, hoja Data PA 2026",,
2026-07-16,jueves,2026-S29,7,L22,produccion_turno2,kg/dia,4846.59,leido,si,"Excel KG producidos 2024-2026, hoja Data PA 2026",,
2026-07-17,viernes,2026-S29,7,L22,produccion,kg/dia,6992.937,leido,si,"Excel KG producidos 2024-2026, hoja Data PA 2026",,
2026-07-17,viernes,2026-S29,7,L22,produccion_turno1,kg/dia,4500.405,leido,si,"Excel KG producidos 2024-2026, hoja Data PA 2026",,
2026-07-17,viernes,2026-S29,7,L22,produccion_turno2,kg/dia,2492.532,leido,si,"Excel KG producidos 2024-2026, hoja Data PA 2026",,
2026-07-18,sábado,2026-S29,7,L22,produccion,kg/dia,10573.479,leido,si,"Excel KG producidos 2024-2026, hoja Data PA 2026",,
2026-07-18,sábado,2026-S29,7,L22,produccion_turno1,kg/dia,5262.012,leido,si,"Excel KG producidos 2024-2026, hoja Data PA 2026",,
2026-07-18,sábado,2026-S29,7,L22,produccion_turno2,kg/dia,5311.467,leido,si,"Excel KG producidos 2024-2026, hoja Data PA 2026",,
2026-07-21,martes,2026-S30,7,L22,produccion,kg/dia,8120.511,leido,si,"Excel KG producidos 2024-2026, hoja Data PA 2026",,
2026-07-21,martes,2026-S30,7,L22,produccion_turno1,kg/dia,4807.026,leido,si,"Excel KG producidos 2024-2026, hoja Data PA 2026",,
2026-07-21,martes,2026-S30,7,L22,produccion_turno2,kg/dia,3313.485,leido,si,"Excel KG producidos 2024-2026, hoja Data PA 2026",,
2026-07-22,miércoles,2026-S30,7,L22,produccion,kg/dia,8355.296,leido,si,"Excel KG producidos 2024-2026, hoja Data PA 2026",,
2026-07-22,miércoles,2026-S30,7,L22,produccion_turno1,kg/dia,0.0,leido,si,"Excel KG producidos 2024-2026, hoja Data PA 2026",,
2026-07-22,miércoles,2026-S30,7,L22,produccion_turno2,kg/dia,8355.296,leido,si,"Excel KG producidos 2024-2026, hoja Data PA 2026",,
2026-07-23,jueves,2026-S30,7,L22,produccion,kg/dia,16818.105,leido,si,"Excel KG producidos 2024-2026, hoja Data PA 2026",,
2026-07-23,jueves,2026-S30,7,L22,produccion_turno1,kg/dia,8063.475,leido,si,"Excel KG producidos 2024-2026, hoja Data PA 2026",,
2026-07-23,jueves,2026-S30,7,L22,produccion_turno2,kg/dia,8754.63,leido,si,"Excel KG producidos 2024-2026, hoja Data PA 2026",,
2026-07-24,viernes,2026-S30,7,L22,produccion,kg/dia,18676.544,leido,si,"Excel KG producidos 2024-2026, hoja Data PA 2026",,
2026-07-24,viernes,2026-S30,7,L22,produccion_turno1,kg/dia,9722.247,leido,si,"Excel KG producidos 2024-2026, hoja Data PA 2026",,
2026-07-24,viernes,2026-S30,7,L22,produccion_turno2,kg/dia,8954.297,leido,si,"Excel KG producidos 2024-2026, hoja Data PA 2026",,
2026-07-25,sábado,2026-S30,7,L22,produccion,kg/dia,22810.238,leido,si,"Excel KG producidos 2024-2026, hoja Data PA 2026",,
2026-07-25,sábado,2026-S30,7,L22,produccion_turno1,kg/dia,9024.938,leido,si,"Excel KG producidos 2024-2026, hoja Data PA 2026",,
2026-07-25,sábado,2026-S30,7,L22,produccion_turno2,kg/dia,13785.3,leido,si,"Excel KG producidos 2024-2026, hoja Data PA 2026",,
2026-07-27,lunes,2026-S31,7,L22,produccion,kg/dia,0.0,leido,si,"Excel KG producidos 2024-2026, hoja Data PA 2026",,Día con mantenimiento programado.
2026-07-27,lunes,2026-S31,7,L22,produccion_turno1,kg/dia,0.0,leido,si,"Excel KG producidos 2024-2026, hoja Data PA 2026",,Día con mantenimiento programado.
2026-07-27,lunes,2026-S31,7,L22,produccion_turno2,kg/dia,0.0,leido,si,"Excel KG producidos 2024-2026, hoja Data PA 2026",,Día con mantenimiento programado.
2026-07-28,martes,2026-S31,7,L22,produccion,kg/dia,0.0,leido,si,"Excel KG producidos 2024-2026, hoja Data PA 2026",,Día con mantenimiento programado.
2026-07-28,martes,2026-S31,7,L22,produccion_turno1,kg/dia,0.0,leido,si,"Excel KG producidos 2024-2026, hoja Data PA 2026",,Día con mantenimiento programado.
2026-07-28,martes,2026-S31,7,L22,produccion_turno2,kg/dia,0.0,leido,si,"Excel KG producidos 2024-2026, hoja Data PA 2026",,Día con mantenimiento programado.
2026-07-29,miércoles,2026-S31,7,L22,produccion,kg/dia,17231.625,leido,si,"Excel KG producidos 2024-2026, hoja Data PA 2026",,
2026-07-29,miércoles,2026-S31,7,L22,produccion_turno1,kg/dia,17231.625,leido,si,"Excel KG producidos 2024-2026, hoja Data PA 2026",,
2026-07-29,miércoles,2026-S31,7,L22,produccion_turno2,kg/dia,0.0,leido,si,"Excel KG producidos 2024-2026, hoja Data PA 2026",,
2026-07-30,jueves,2026-S31,7,L22,produccion,kg/dia,16695.0,leido,si,"Excel KG producidos 2024-2026, hoja Data PA 2026",,
2026-07-30,jueves,2026-S31,7,L22,produccion_turno1,kg/dia,16695.0,leido,si,"Excel KG producidos 2024-2026, hoja Data PA 2026",,
2026-07-30,jueves,2026-S31,7,L22,produccion_turno2,kg/dia,0.0,leido,si,"Excel KG producidos 2024-2026, hoja Data PA 2026",,
2026-08-03,lunes,2026-S32,8,L22,produccion,kg/dia,25638.75,leido,si,"Excel KG producidos 2024-2026, hoja Data PA 2026",,
2026-08-03,lunes,2026-S32,8,L22,produccion_turno1,kg/dia,12473.55,leido,si,"Excel KG producidos 2024-2026, hoja Data PA 2026",,
2026-08-03,lunes,2026-S32,8,L22,produccion_turno2,kg/dia,13165.2,leido,si,"Excel KG producidos 2024-2026, hoja Data PA 2026",,
2026-08-04,martes,2026-S32,8,L22,produccion,kg/dia,9672.391,leido,si,"Excel KG producidos 2024-2026, hoja Data PA 2026",,
2026-08-04,martes,2026-S32,8,L22,produccion_turno1,kg/dia,8889.082,leido,si,"Excel KG producidos 2024-2026, hoja Data PA 2026",,
2026-08-04,martes,2026-S32,8,L22,produccion_turno2,kg/dia,783.309,leido,si,"Excel KG producidos 2024-2026, hoja Data PA 2026",,
