fecha,entidad,kg_turno1,kg_turno2,kg_turno3,kg_total,mantenimiento
2026-01-02,L22,0.0,0.0,0.0,0.0,no
2026-01-03,L14,0.0,0.0,0.0,0.0,no
2026-01-03,L19,0.0,0.0,0.0,0.0,no
2026-01-03,L22,0.0,0.0,0.0,0.0,no
2026-01-05,L14,4428.3,11579.75,0.0,16008.05,no
2026-01-05,L19,8087.899,0.0,0.0,8087.899,no
2026-01-05,L20,1843.92,0.0,0.0,1843.92,no
2026-01-05,L22,16229.925,14393.475,0.0,30623.4,no
2026-01-06,L14,12725.0,12890.0,0.0,25615.0,no
2026-01-06,L19,12848.564,0.0,0.0,12848.564,no
2026-01-06,L20,1746.602,0.0,0.0,1746.602,no
2026-01-06,L22,15347.475,13415.625,0.0,28763.1,no
2026-01-07,L14,8915.95,8258.525,0.0,17174.475,no
2026-01-07,L19,13434.492,0.0,0.0,13434.492,no
2026-01-07,L20,2133.313,0.0,0.0,2133.313,no
2026-01-07,L22,7036.526,9004.488,0.0,16041.014,no
2026-01-08,L14,4575.725,6947.616,0.0,11523.341,no
2026-01-08,L19,10609.482,0.0,0.0,10609.482,no
2026-01-08,L20,2504.658,0.0,0.0,2504.658,no
2026-01-08,L22,9330.122,8508.958,0.0,17839.08,no
2026-01-09,L14,8299.2,9982.752,0.0,18281.952,no
2026-01-09,L19,12063.839,0.0,0.0,12063.839,no
2026-01-09,L20,2151.24,0.0,0.0,2151.24,no
2026-01-09,L22,8112.534,9032.804,0.0,17145.338,no
2026-01-10,L14,2632.032,3663.504,0.0,6295.536,no
2026-01-10,L19,3201.678,0.0,0.0,3201.678,no
2026-01-10,L20,645.372,0.0,0.0,645.372,no
2026-01-10,L22,2236.964,2845.758,0.0,5082.722,no
2026-01-13,L14,0.0,6711.883,0.0,6711.883,no
2026-01-13,L18_21,0.0,0.0,0.0,0.0,no
2026-01-13,L19,12576.526,9887.535,0.0,22464.061,no
2026-01-13,L20,2292.095,2161.484,0.0,4453.579,no
2026-01-13,L22,0.0,8962.014,0.0,8962.014,si
2026-01-14,L14,6926.909,6082.164,0.0,13009.073,no
2026-01-14,L18_21,4674.432,0.0,0.0,4674.432,no
2026-01-14,L19,11509.3,12095.228,0.0,23604.528,no
2026-01-14,L20,2445.755,2282.896,0.0,4728.651,no
2026-01-14,L22,0.0,7319.686,0.0,7319.686,si
2026-01-15,L14,5713.548,5360.291,0.0,11073.839,no
2026-01-15,L18_21,4184.88,2021.376,0.0,6206.256,no
2026-01-15,L19,11383.744,11885.968,0.0,23269.712,no
2026-01-15,L20,1977.232,2392.848,0.0,4370.08,no
2026-01-15,L22,8763.802,8523.116,0.0,17286.918,no
2026-01-16,L14,5421.727,6097.523,0.0,11519.25,no
2026-01-16,L18_21,6190.464,0.0,0.0,6190.464,no
2026-01-16,L19,11969.672,920.744,0.0,12890.416,no
2026-01-16,L20,2435.632,2671.888,0.0,5107.52,no
2026-01-16,L22,8636.38,8848.75,0.0,17485.13,no
2026-01-17,L10_50,0.0,0.0,0.0,0.0,no
2026-01-17,L14,3947.4,8594.932,0.0,12542.332,no
2026-01-17,L16,0.0,0.0,0.0,0.0,no
2026-01-17,L18_21,7066.92,0.0,0.0,7066.92,no
2026-01-17,L19,6811.03,15716.773,0.0,22527.803,no
2026-01-17,L20,1928.433,1362.452,0.0,3290.885,no
2026-01-17,L22,6187.046,7008.21,0.0,13195.256,no
2026-01-18,L14,0.0,0.0,0.0,0.0,no
2026-01-19,L10_50,0.0,3848.46,0.0,3848.46,si
2026-01-19,L14,10507.518,0.0,0.0,10507.518,no
2026-01-19,L16,1401.4,0.0,0.0,1401.4,no
2026-01-19,L18_21,7401.03,0.0,0.0,7401.03,no
2026-01-19,L19,12452.619,0.0,0.0,12452.619,no
2026-01-19,L20,1879.774,2215.265,0.0,4095.039,no
2026-01-19,L22,8409.852,8834.592,0.0,17244.444,no
2026-01-20,L10_50,0.0,11778.62,0.0,11778.62,no
2026-01-20,L14,9239.138,0.0,0.0,9239.138,no
2026-01-20,L16,2322.6,0.0,0.0,2322.6,no
2026-01-20,L18_21,7075.71,0.0,0.0,7075.71,no
2026-01-20,L19,16533.54,0.0,0.0,16533.54,no
2026-01-20,L20,2171.728,2207.582,0.0,4379.31,no
2026-01-20,L22,6358.48,5301.576,0.0,11660.056,no
2026-01-21,L10_50,17692.92,26689.32,0.0,44382.24,no
2026-01-21,L14,4616.003,0.0,0.0,4616.003,no
2026-01-21,L16,1935.5,0.0,0.0,1935.5,no
2026-01-21,L18_21,5587.981,0.0,0.0,5587.981,no
2026-01-21,L19,17303.92,0.0,0.0,17303.92,no
2026-01-21,L20,2213.623,4957.674,0.0,7171.297,no
2026-01-21,L22,4352.04,6340.131,0.0,10692.171,no
2026-01-22,L10_50,0.0,31487.4,0.0,31487.4,no
2026-01-22,L14,1834.244,0.0,0.0,1834.244,no
2026-01-22,L16,2371.6,0.0,0.0,2371.6,no
2026-01-22,L18_21,6789.846,0.0,0.0,6789.846,no
2026-01-22,L19,15692.048,0.0,0.0,15692.048,no
2026-01-22,L20,4680.215,4674.117,0.0,9354.332,no
2026-01-22,L22,5736.78,5687.325,0.0,11424.105,no
2026-01-23,L10_50,0.0,21757.96,0.0,21757.96,no
2026-01-23,L14,3800.448,0.0,0.0,3800.448,no
2026-01-23,L16,2513.7,0.0,0.0,2513.7,no
2026-01-23,L18_21,8538.498,0.0,0.0,8538.498,no
2026-01-23,L19,19058.016,0.0,0.0,19058.016,no
2026-01-23,L20,2835.57,3883.446,0.0,6719.016,no
2026-01-23,L22,5934.6,6102.747,0.0,12037.347,no
2026-01-24,L10_50,0.0,15712.896,0.0,15712.896,no
2026-01-24,L14,6920.445,0.0,0.0,6920.445,no
2026-01-24,L16,926.1,0.0,0.0,926.1,no
2026-01-24,L18_21,7518.123,0.0,0.0,7518.123,no
2026-01-24,L19,14601.664,0.0,0.0,14601.664,no
2026-01-24,L20,5580.267,4944.688,0.0,10524.955,no
2026-01-24,L22,5400.486,4846.59,0.0,10247.076,no
2026-01-26,L10_50,0.0,18055.488,0.0,18055.488,no
2026-01-26,L14,1477.137,2582.424,0.0,4059.561,si
2026-01-26,L18_21,0.0,7640.568,0.0,7640.568,no
2026-01-26,L19,18346.896,0.0,0.0,18346.896,no
2026-01-26,L20,7650.272,7242.102,0.0,14892.374,no
2026-01-26,L22,1285.83,5807.475,0.0,7093.305,no
2026-01-27,L10_50,0.0,19532.037,0.0,19532.037,no
2026-01-27,L14,0.0,5119.209,0.0,5119.209,si
2026-01-27,L19,15111.3,0.0,0.0,15111.3,no
2026-01-27,L20,7358.722,7312.074,0.0,14670.796,no
2026-01-27,L22,14787.0,15013.575,0.0,29800.575,no
2026-01-28,L10_50,0.0,27511.491,0.0,27511.491,no
2026-01-28,L14,9137.04,4125.819,0.0,13262.859,no
2026-01-28,L18_21,0.0,0.0,0.0,0.0,si
2026-01-28,L19,0.0,0.0,0.0,0.0,si
2026-01-28,L20,5323.703,6165.39,0.0,11489.093,no
2026-01-28,L22,13439.475,16480.35,0.0,29919.825,no
2026-01-29,L10_50,0.0,0.0,0.0,0.0,no
2026-01-29,L14,11778.81,8985.042,0.0,20763.852,no
2026-01-29,L19,0.0,15502.416,0.0,15502.416,si
2026-01-29,L20,6841.275,3522.295,0.0,10363.57,no
2026-01-29,L22,16337.25,13582.575,0.0,29919.825,no
2026-01-30,L10_50,0.0,0.0,0.0,0.0,si
2026-01-30,L14,9707.382,7515.726,0.0,17223.108,no
2026-01-30,L18_21,0.0,0.0,0.0,0.0,no
2026-01-30,L19,17481.7,15348.34,0.0,32830.04,no
2026-01-30,L20,12052.25,14945.5,0.0,26997.75,no
2026-01-30,L22,12175.425,0.0,0.0,12175.425,no
2026-02-02,L14,3809.032,0.0,0.0,3809.032,no
2026-02-02,L16,2018.8,0.0,0.0,2018.8,no
2026-02-02,L18_21,6393.324,0.0,0.0,6393.324,no
2026-02-02,L19,0.0,16000.2,0.0,16000.2,no
2026-02-02,L20,0.0,0.0,0.0,0.0,si
2026-02-02,L22,15800.625,16826.175,0.0,32626.8,no
2026-02-03,L14,7234.089,0.0,0.0,7234.089,no
2026-02-03,L16,2102.1,0.0,0.0,2102.1,no
2026-02-03,L18_21,0.0,8597.638,0.0,8597.638,no
2026-02-03,L19,0.0,18003.188,0.0,18003.188,no
2026-02-03,L20,0.0,0.0,0.0,0.0,si
2026-02-03,L22,14906.25,15156.675,0.0,30062.925,no
2026-02-04,L10_50,0.0,5960.556,0.0,5960.556,no
2026-02-04,L14,6773.319,0.0,0.0,6773.319,no
2026-02-04,L16,2513.7,1617.0,0.0,4130.7,no
2026-02-04,L18_21,0.0,6348.609,0.0,6348.609,no
2026-02-04,L19,14909.816,0.0,0.0,14909.816,no
2026-02-04,L20,0.0,0.0,0.0,0.0,si
2026-02-04,L22,10553.625,5422.514,0.0,15976.139,no
2026-02-05,L10_50,18410.427,30748.137,0.0,49158.564,no
2026-02-05,L14,5928.574,6573.652,0.0,12502.226,no
2026-02-05,L16,2562.7,0.0,0.0,2562.7,no
2026-02-05,L18_21,0.0,8048.718,0.0,8048.718,no
2026-02-05,L20,0.0,0.0,0.0,0.0,si
2026-02-05,L22,9117.752,6682.576,0.0,15800.328,no
2026-02-06,L10_50,19740.336,14590.25,0.0,34330.586,no
2026-02-06,L14,6512.216,6020.728,0.0,12532.944,no
2026-02-06,L16,2597.0,0.0,0.0,2597.0,no
2026-02-06,L18_21,0.0,8334.423,0.0,8334.423,no
2026-02-06,L20,0.0,0.0,0.0,0.0,si
2026-02-06,L22,8395.694,7914.322,0.0,16310.016,no
2026-02-07,L10_50,9245.932,13215.792,0.0,22461.724,no
2026-02-07,L14,5421.727,4884.162,0.0,10305.889,no
2026-02-07,L16,1925.7,0.0,0.0,1925.7,no
2026-02-07,L18_21,0.0,6146.739,0.0,6146.739,no
2026-02-07,L20,0.0,0.0,0.0,0.0,si
2026-02-07,L22,5804.78,5804.78,0.0,11609.56,no
2026-02-09,L14,6389.344,6542.934,0.0,12932.278,no
2026-02-09,L18_21,8318.097,0.0,0.0,8318.097,no
2026-02-09,L19,11069.768,14412.032,0.0,25481.8,no
2026-02-09,L20,2198.0,1747.41,0.0,3945.41,no
2026-02-09,L22,6116.256,0.0,0.0,6116.256,no
2026-02-10,L10_50,0.0,0.0,0.0,0.0,no
2026-02-10,L14,6512.216,7095.858,0.0,13608.074,no
2026-02-10,L18_21,8252.793,0.0,0.0,8252.793,no
2026-02-10,L19,15146.856,22186.944,0.0,37333.8,no
2026-02-10,L20,4209.17,8632.645,0.0,12841.815,no
2026-02-10,L22,5865.363,0.0,0.0,5865.363,no
2026-02-11,L10_50,0.0,4048.38,0.0,4048.38,no
2026-02-11,L14,4976.316,5237.419,0.0,10213.735,no
2026-02-11,L18_21,6898.128,0.0,0.0,6898.128,no
2026-02-11,L19,16758.728,16023.904,0.0,32782.632,no
2026-02-11,L20,9753.625,8209.53,0.0,17963.155,no
2026-02-11,L22,5637.87,0.0,0.0,5637.87,no
2026-02-12,L10_50,21408.1,27455.68,0.0,48863.78,no
2026-02-12,L14,5621.394,7049.781,0.0,12671.175,no
2026-02-12,L18_21,7043.232,0.0,0.0,7043.232,no
2026-02-12,L19,11852.0,13321.648,0.0,25173.648,no
2026-02-12,L20,5131.28,7376.215,0.0,12507.495,no
2026-02-12,L22,4856.481,0.0,0.0,4856.481,no
2026-02-13,L10_50,15343.86,26256.16,0.0,41600.02,no
2026-02-13,L14,7188.012,7372.32,0.0,14560.332,no
2026-02-13,L18_21,3932.208,0.0,0.0,3932.208,no
2026-02-13,L19,17955.78,17055.028,0.0,35010.808,no
2026-02-13,L20,6804.777,6408.269,0.0,13213.046,no
2026-02-13,L22,4114.656,0.0,0.0,4114.656,no
2026-02-14,L10_50,13827.8,13911.1,0.0,27738.9,no
2026-02-14,L14,2349.927,2580.312,0.0,4930.239,no
2026-02-14,L18_21,3071.544,0.0,0.0,3071.544,no
2026-02-14,L19,0.0,6540.6,0.0,6540.6,no
2026-02-14,L20,2618.119,1790.117,0.0,4408.236,no
2026-02-14,L22,2522.205,0.0,0.0,2522.205,no
2026-02-16,L10_50,16226.84,26472.74,0.0,42699.58,no
2026-02-16,L14,6020.728,814.027,0.0,6834.755,no
2026-02-16,L19,16077.984,15067.164,0.0,31145.148,no
2026-02-16,L20,6863.087,6035.085,0.0,12898.172,no
2026-02-16,L22,4114.656,4253.13,0.0,8367.786,no
2026-02-17,L10_50,28405.3,35369.18,0.0,63774.48,no
2026-02-17,L14,0.0,5026.944,0.0,5026.944,no
2026-02-17,L19,15649.872,0.0,0.0,15649.872,no
2026-02-17,L20,6227.508,6215.846,0.0,12443.354,no
2026-02-17,L22,6251.112,6379.695,0.0,12630.807,no
2026-02-18,L10_50,20958.28,15377.18,0.0,36335.46,no
2026-02-18,L14,3556.8,7540.416,0.0,11097.216,no
2026-02-18,L19,16672.584,13616.34,0.0,30288.924,no
2026-02-18,L20,7294.581,880.481,0.0,8175.062,no
2026-02-18,L22,6280.785,6369.804,0.0,12650.589,no
2026-02-19,L10_50,2638.9,2734.86,0.0,5373.76,no
2026-02-19,L14,7647.12,2584.608,0.0,10231.728,no
2026-02-19,L19,5357.056,3421.401,0.0,8778.457,no
2026-02-19,L20,2420.906,1091.542,0.0,3512.448,no
2026-02-19,L22,6369.804,1661.688,0.0,8031.492,no
2026-02-20,L10_50,20043.645,21974.84,0.0,42018.485,no
2026-02-20,L14,6176.976,3817.5,0.0,9994.476,no
2026-02-20,L19,12252.173,10714.112,0.0,22966.285,no
2026-02-20,L20,3274.626,4186.277,0.0,7460.903,no
2026-02-20,L22,6053.292,6201.657,0.0,12254.949,no
2026-02-21,L10_50,22286.71,17188.835,0.0,39475.545,no
2026-02-21,L14,11236.175,10001.85,0.0,21238.025,no
2026-02-21,L16,0.0,0.0,0.0,0.0,no
2026-02-21,L18_21,0.0,0.0,0.0,0.0,no
2026-02-21,L19,11352.355,10107.258,0.0,21459.613,no
2026-02-21,L20,3500.252,2808.129,0.0,6308.381,no
2026-02-21,L22,5926.725,12413.925,0.0,18340.65,no
2026-02-23,L10_50,27960.345,0.0,0.0,27960.345,no
2026-02-23,L14,6629.725,12155.904,0.0,18785.629,no
2026-02-23,L16,2249.1,0.0,0.0,2249.1,no
2026-02-23,L18_21,8006.544,0.0,0.0,8006.544,no
2026-02-23,L19,12419.581,11237.262,0.0,23656.843,no
2026-02-23,L20,4149.689,4774.734,0.0,8924.423,no
2026-02-23,L22,14965.875,14703.525,0.0,29669.4,no
2026-02-24,L10_50,27804.41,0.0,0.0,27804.41,no
2026-02-24,L14,11423.49,12498.642,0.0,23922.132,no
2026-02-24,L16,2332.4,0.0,0.0,2332.4,no
2026-02-24,L18_21,8117.088,0.0,0.0,8117.088,no
2026-02-24,L19,11833.653,10243.277,0.0,22076.93,no
2026-02-24,L20,4832.665,2623.649,0.0,7456.314,no
2026-02-24,L22,14846.625,16671.15,0.0,31517.775,no
2026-02-25,L10_50,0.0,0.0,0.0,0.0,no
2026-02-25,L14,10317.324,12550.332,0.0,22867.656,no
2026-02-25,L16,2249.1,0.0,0.0,2249.1,no
2026-02-25,L18_21,6245.736,0.0,0.0,6245.736,no
2026-02-25,L19,10442.074,11572.078,0.0,22014.152,no
2026-02-25,L20,1874.652,2286.973,0.0,4161.625,no
2026-02-25,L22,15275.925,14787.0,0.0,30062.925,no
2026-02-26,L10_50,0.0,0.0,0.0,0.0,no
2026-02-26,L14,11609.574,5985.702,0.0,17595.276,no
2026-02-26,L16,2410.8,0.0,0.0,2410.8,no
2026-02-26,L18_21,6503.7,0.0,0.0,6503.7,no
2026-02-26,L19,11906.894,12461.433,0.0,24368.327,no
2026-02-26,L20,2051.361,2344.565,0.0,4395.926,no
2026-02-26,L22,15395.175,16218.0,0.0,31613.175,no
2026-02-27,L10_50,0.0,0.0,0.0,0.0,no
2026-02-27,L14,9718.506,9623.922,0.0,19342.428,no
2026-02-27,L16,1773.8,0.0,0.0,1773.8,no
2026-02-27,L18_21,4399.857,0.0,0.0,4399.857,no
2026-02-27,L19,12147.543,11655.782,0.0,23803.325,no
2026-02-27,L20,2466.016,1751.848,0.0,4217.864,no
2026-02-27,L22,14405.4,17291.25,0.0,31696.65,no
2026-02-28,L10_50,0.0,0.0,0.0,0.0,no
2026-03-02,L10_50,0.0,0.0,0.0,0.0,no
2026-03-02,L14,7436.667,11030.859,0.0,18467.526,no
2026-03-02,L16,1533.7,0.0,0.0,1533.7,no
2026-03-02,L18_21,0.0,0.0,0.0,0.0,si
2026-03-02,L19,8255.307,0.0,0.0,8255.307,no
2026-03-02,L20,1761.968,2041.117,0.0,3803.085,no
2026-03-02,L22,14906.25,17076.6,0.0,31982.85,no
2026-03-03,L10_50,22257.76,0.0,0.0,22257.76,no
2026-03-03,L14,11019.036,3736.068,0.0,14755.104,no
2026-03-03,L16,1950.2,0.0,0.0,1950.2,no
2026-03-03,L18_21,0.0,0.0,0.0,0.0,si
2026-03-03,L19,4091.033,0.0,0.0,4091.033,no
2026-03-03,L20,2169.167,2353.559,0.0,4522.726,no
2026-03-03,L22,13856.85,17374.725,0.0,31231.575,no
2026-03-04,L10_50,0.0,23457.28,0.0,23457.28,no
2026-03-04,L14,6618.031,8174.645,0.0,14792.676,no
2026-03-04,L16,2410.8,0.0,0.0,2410.8,no
2026-03-04,L18_21,0.0,0.0,0.0,0.0,si
2026-03-04,L19,12419.581,0.0,0.0,12419.581,no
2026-03-04,L20,2146.118,2156.362,0.0,4302.48,no
2026-03-04,L22,11140.954,6978.093,0.0,18119.047,no
2026-03-05,L10_50,0.0,24723.44,0.0,24723.44,no
2026-03-05,L14,4428.18,5169.216,0.0,9597.396,no
2026-03-05,L16,2401.0,0.0,0.0,2401.0,no
2026-03-05,L18_21,0.0,0.0,0.0,0.0,si
2026-03-05,L19,11634.856,0.0,0.0,11634.856,no
2026-03-05,L20,2007.824,2391.974,0.0,4399.798,no
2026-03-05,L22,8455.958,7531.788,0.0,15987.746,no
2026-03-06,L10_50,0.0,31803.94,0.0,31803.94,no
2026-03-06,L14,8915.712,7753.824,0.0,16669.536,no
2026-03-06,L16,1372.0,0.0,0.0,1372.0,no
2026-03-06,L18_21,0.0,0.0,0.0,0.0,si
2026-03-06,L19,9081.884,0.0,0.0,9081.884,no
2026-03-06,L20,2179.411,2432.298,0.0,4611.709,no
2026-03-06,L22,9287.648,8834.592,0.0,18122.24,no
2026-03-07,L10_50,0.0,25423.16,0.0,25423.16,no
2026-03-07,L14,8133.216,6769.776,0.0,14902.992,no
2026-03-07,L16,2156.0,0.0,0.0,2156.0,no
2026-03-07,L18_21,0.0,0.0,0.0,0.0,si
2026-03-07,L19,9364.385,0.0,0.0,9364.385,no
2026-03-07,L20,2115.036,1348.984,0.0,3464.02,no
2026-03-07,L22,6102.098,6795.84,0.0,12897.938,no
2026-03-09,L14,9022.416,3627.936,0.0,12650.352,no
2026-03-09,L16,1754.2,666.4,0.0,2420.6,no
2026-03-09,L18_21,650.64,0.0,0.0,650.64,no
2026-03-09,L19,12534.674,0.0,0.0,12534.674,no
2026-03-09,L20,2302.339,2420.145,0.0,4722.484,no
2026-03-09,L22,8919.54,0.0,0.0,8919.54,no
2026-03-10,L14,6220.395,6988.345,0.0,13208.74,no
2026-03-10,L16,2479.4,666.4,0.0,3145.8,no
2026-03-10,L18_21,4619.544,0.0,0.0,4619.544,no
2026-03-10,L19,13999.494,0.0,0.0,13999.494,no
2026-03-10,L20,2094.898,2312.583,0.0,4407.481,no
2026-03-10,L22,0.0,0.0,0.0,0.0,si
2026-03-11,L14,7141.935,6112.882,0.0,13254.817,no
2026-03-11,L16,2548.0,666.4,0.0,3214.4,no
2026-03-11,L18_21,8165.532,0.0,0.0,8165.532,no
2026-03-11,L19,9071.421,0.0,0.0,9071.421,no
2026-03-11,L20,2412.462,2035.995,0.0,4448.457,no
2026-03-11,L22,0.0,0.0,0.0,0.0,si
2026-03-12,L10_50,0.0,0.0,0.0,0.0,no
2026-03-12,L14,0.0,6327.908,0.0,6327.908,si
2026-03-12,L16,2601.9,0.0,0.0,2601.9,no
2026-03-12,L18_21,6667.077,0.0,0.0,6667.077,no
2026-03-12,L19,8880.041,0.0,0.0,8880.041,no
2026-03-12,L20,3332.557,5146.712,0.0,8479.269,no
2026-03-12,L22,3495.443,0.0,0.0,3495.443,no
2026-03-13,L10_50,14210.98,0.0,0.0,14210.98,no
2026-03-13,L14,0.0,0.0,0.0,0.0,si
2026-03-13,L18_21,7848.624,0.0,0.0,7848.624,no
2026-03-13,L19,18299.824,0.0,0.0,18299.824,no
2026-03-13,L20,3018.51,0.0,0.0,3018.51,no
2026-03-13,L22,5885.145,0.0,0.0,5885.145,no
2026-03-14,L20,1003.121,884.21,0.0,1887.331,no
2026-03-14,L22,1018.773,939.645,0.0,1958.418,no
2026-03-16,L10_50,0.0,11448.564,0.0,11448.564,no
2026-03-16,L14,6281.831,6496.857,0.0,12778.688,no
2026-03-16,L18_21,0.0,7848.624,0.0,7848.624,no
2026-03-16,L19,18158.463,0.0,0.0,18158.463,no
2026-03-16,L20,2176.986,4625.333,0.0,6802.319,no
2026-03-16,L22,6152.202,5845.581,0.0,11997.783,no
2026-03-17,L10_50,0.0,20681.69,0.0,20681.69,no
2026-03-17,L14,6435.421,5836.42,0.0,12271.841,no
2026-03-17,L18_21,0.0,7501.269,0.0,7501.269,no
2026-03-17,L19,14483.129,0.0,0.0,14483.129,no
2026-03-17,L20,2725.806,2379.048,0.0,5104.854,no
2026-03-17,L22,5697.216,6300.567,0.0,11997.783,no
2026-03-18,L10_50,0.0,14627.48,0.0,14627.48,no
2026-03-18,L14,5882.497,6174.318,0.0,12056.815,no
2026-03-18,L18_21,0.0,8628.291,0.0,8628.291,no
2026-03-18,L19,20018.028,0.0,0.0,20018.028,no
2026-03-18,L20,6373.283,7014.693,0.0,13387.976,no
2026-03-18,L22,6043.401,6013.728,0.0,12057.129,no
2026-03-19,L10_50,0.0,15477.14,0.0,15477.14,no
2026-03-19,L14,6404.703,5529.24,0.0,11933.943,no
2026-03-19,L18_21,0.0,6791.616,0.0,6791.616,no
2026-03-19,L19,17469.848,0.0,0.0,17469.848,no
2026-03-19,L20,5737.704,5259.562,0.0,10997.266,no
2026-03-19,L22,5064.192,1431.441,0.0,6495.633,no
2026-03-20,L10_50,0.0,8964.896,0.0,8964.896,no
2026-03-20,L14,4638.418,3004.65,0.0,7643.068,no
2026-03-20,L18_21,0.0,4858.84,0.0,4858.84,no
2026-03-20,L19,18287.636,0.0,0.0,18287.636,no
2026-03-20,L20,6606.523,6390.776,0.0,12997.299,no
2026-03-20,L22,16015.275,3589.425,0.0,19604.7,no
2026-03-21,L10_50,0.0,12108.076,0.0,12108.076,no
2026-03-21,L14,4680.577,3026.688,0.0,7707.265,no
2026-03-21,L18_21,0.0,6743.086,0.0,6743.086,no
2026-03-21,L19,16640.208,0.0,0.0,16640.208,no
2026-03-21,L20,5935.958,5568.605,0.0,11504.563,no
2026-03-21,L22,14310.0,12080.025,0.0,26390.025,no
2026-03-24,L10_50,14485.96,0.0,0.0,14485.96,no
2026-03-24,L14,2660.175,9304.701,0.0,11964.876,no
2026-03-24,L18_21,0.0,4725.854,0.0,4725.854,no
2026-03-24,L19,17588.368,15502.416,0.0,33090.784,no
2026-03-24,L20,4781.42,0.0,0.0,4781.42,no
2026-03-25,L10_50,13198.75,0.0,0.0,13198.75,no
2026-03-25,L14,7188.384,1984.896,0.0,9173.28,no
2026-03-25,L18_21,0.0,3180.394,0.0,3180.394,no
2026-03-25,L19,0.0,18429.86,0.0,18429.86,si
2026-03-25,L20,8467.795,0.0,0.0,8467.795,no
2026-03-25,L22,0.0,14023.8,0.0,14023.8,no
2026-03-26,L10_50,21593.28,0.0,0.0,21593.28,no
2026-03-26,L14,9800.424,9273.186,0.0,19073.61,no
2026-03-26,L18_21,0.0,894.74,0.0,894.74,no
2026-03-26,L19,0.0,9769.356,0.0,9769.356,si
2026-03-26,L20,9737.14,0.0,0.0,9737.14,no
2026-03-26,L22,0.0,12926.7,0.0,12926.7,no
2026-03-27,L10_50,15542.31,0.0,0.0,15542.31,no
2026-03-27,L14,12653.712,11061.66,0.0,23715.372,no
2026-03-27,L19,18170.976,15637.98,0.0,33808.956,no
2026-03-27,L20,11402.125,0.0,0.0,11402.125,no
2026-03-27,L22,0.0,14906.25,0.0,14906.25,no
2026-03-28,L10_50,16327.437,0.0,0.0,16327.437,no
2026-03-28,L14,11030.646,10162.254,0.0,21192.9,no
2026-03-28,L19,14995.812,15626.088,0.0,30621.9,no
2026-03-28,L20,3698.135,0.0,0.0,3698.135,no
2026-03-28,L22,0.0,12747.825,0.0,12747.825,no
2026-03-30,L10_50,22544.361,0.0,0.0,22544.361,no
2026-03-30,L14,10286.31,8787.3,0.0,19073.61,no
2026-03-30,L16,1896.3,965.3,0.0,2861.6,no
2026-03-30,L19,15126.624,0.0,0.0,15126.624,no
2026-03-30,L20,1774.773,0.0,0.0,1774.773,no
2026-03-30,L22,13892.625,12413.925,0.0,26306.55,no
2026-04-01,L10_50,10927.686,0.0,0.0,10927.686,no
2026-04-01,L14,11794.992,11748.0,0.0,23542.992,no
2026-04-01,L16,2273.6,0.0,0.0,2273.6,no
2026-04-01,L19,16363.392,0.0,0.0,16363.392,no
2026-04-01,L20,1905.384,0.0,0.0,1905.384,no
2026-04-01,L22,14429.25,14262.3,0.0,28691.55,no
2026-04-04,L10_50,16378.874,0.0,0.0,16378.874,no
2026-04-04,L14,9280.92,4264.524,0.0,13545.444,no
2026-04-04,L16,1778.7,0.0,0.0,1778.7,no
2026-04-04,L18_21,0.0,0.0,0.0,0.0,no
2026-04-04,L19,15376.356,0.0,0.0,15376.356,no
2026-04-04,L20,1977.092,0.0,0.0,1977.092,no
2026-04-04,L22,13451.4,13034.025,0.0,26485.425,no
2026-04-06,L10_50,0.0,17377.742,0.0,17377.742,no
2026-04-06,L14,7609.55,12241.45,0.0,19851.0,no
2026-04-06,L18_21,5298.216,0.0,0.0,5298.216,no
2026-04-06,L19,15316.896,13616.34,0.0,28933.236,no
2026-04-06,L20,2286.973,0.0,0.0,2286.973,no
2026-04-06,L22,7095.375,0.0,0.0,7095.375,no
2026-04-07,L10_50,0.0,28681.916,0.0,28681.916,no
2026-04-07,L14,10103.65,8271.25,0.0,18374.9,no
2026-04-07,L18_21,7809.144,0.0,0.0,7809.144,no
2026-04-07,L19,14720.184,19295.056,0.0,34015.24,no
2026-04-07,L20,2012.946,0.0,0.0,2012.946,no
2026-04-07,L22,8126.692,0.0,0.0,8126.692,no
2026-04-08,L10_50,0.0,14154.1,0.0,14154.1,no
2026-04-08,L14,9416.5,5074.368,0.0,14490.868,no
2026-04-08,L18_21,8156.568,0.0,0.0,8156.568,no
2026-04-08,L19,17955.78,19579.504,0.0,37535.284,no
2026-04-08,L20,2461.121,0.0,0.0,2461.121,no
2026-04-08,L22,8013.428,0.0,0.0,8013.428,no
2026-04-09,L10_50,0.0,29939.52,0.0,29939.52,no
2026-04-09,L14,10208.016,6354.816,0.0,16562.832,no
2026-04-09,L16,0.0,0.0,0.0,0.0,si
2026-04-09,L18_21,7227.981,0.0,0.0,7227.981,no
2026-04-09,L19,18832.828,18583.936,0.0,37416.764,no
2026-04-09,L20,2453.438,0.0,0.0,2453.438,no
2026-04-09,L22,9046.962,0.0,0.0,9046.962,no
2026-04-10,L10_50,0.0,29051.89,0.0,29051.89,no
2026-04-10,L14,10599.264,2318.592,0.0,12917.856,no
2026-04-10,L16,0.0,0.0,0.0,0.0,si
2026-04-10,L18_21,3968.904,0.0,0.0,3968.904,no
2026-04-10,L19,17410.588,16106.868,0.0,33517.456,no
2026-04-10,L20,2194.777,0.0,0.0,2194.777,no
2026-04-10,L22,7845.482,0.0,0.0,7845.482,no
2026-04-11,L10_50,0.0,27876.38,0.0,27876.38,no
2026-04-11,L14,7139.036,4559.352,0.0,11698.388,no
2026-04-11,L16,2332.4,0.0,0.0,2332.4,no
2026-04-11,L18_21,3637.335,0.0,0.0,3637.335,no
2026-04-11,L19,16189.832,16166.128,0.0,32355.96,no
2026-04-11,L20,2018.068,0.0,0.0,2018.068,no
2026-04-11,L22,6926.689,0.0,0.0,6926.689,no
2026-04-13,L10_50,12522.78,0.0,0.0,12522.78,no
2026-04-13,L14,9351.324,9095.442,0.0,18446.766,no
2026-04-13,L16,2312.8,0.0,0.0,2312.8,no
2026-04-13,L18_21,4311.216,0.0,0.0,4311.216,no
2026-04-13,L19,7443.966,12932.268,0.0,20376.234,no
2026-04-13,L20,2158.923,2276.729,0.0,4435.652,no
2026-04-13,L22,8186.087,5461.54,0.0,13647.627,no
2026-04-14,L10_50,12028.52,0.0,0.0,12028.52,no
2026-04-14,L14,7351.98,10505.502,0.0,17857.482,no
2026-04-14,L16,1376.9,0.0,0.0,1376.9,no
2026-04-14,L18_21,7121.499,0.0,0.0,7121.499,no
2026-04-14,L19,10170.036,12681.156,0.0,22851.192,no
2026-04-14,L20,2302.339,2217.826,0.0,4520.165,no
2026-04-14,L22,6082.965,6171.984,0.0,12254.949,no
2026-04-15,L10_50,26705.98,0.0,0.0,26705.98,no
2026-04-15,L14,9667.854,4351.116,0.0,14018.97,no
2026-04-15,L16,2185.4,0.0,0.0,2185.4,no
2026-04-15,L18_21,7828.317,0.0,0.0,7828.317,no
2026-04-15,L19,9416.7,11708.097,0.0,21124.797,no
2026-04-15,L20,2310.242,2634.272,0.0,4944.514,no
2026-04-15,L22,5538.96,6201.657,0.0,11740.617,no
2026-04-16,L10_50,19658.8,0.0,0.0,19658.8,no
2026-04-16,L14,10971.744,11787.531,0.0,22759.275,no
2026-04-16,L16,2459.8,0.0,0.0,2459.8,no
2026-04-16,L18_21,7207.929,0.0,0.0,7207.929,no
2026-04-16,L19,12388.192,12555.6,0.0,24943.792,no
2026-04-16,L20,2568.304,2667.448,0.0,5235.752,no
2026-04-16,L22,5598.306,5766.453,0.0,11364.759,no
2026-04-17,L10_50,29638.14,0.0,0.0,29638.14,no
2026-04-17,L14,8914.542,10451.532,0.0,19366.074,no
2026-04-17,L16,1004.5,0.0,0.0,1004.5,no
2026-04-17,L18_21,8456.868,0.0,0.0,8456.868,no
2026-04-17,L19,10850.131,2534.235,0.0,13384.366,no
2026-04-17,L20,1294.909,5644.408,0.0,6939.317,no
2026-04-17,L22,4846.59,6221.439,0.0,11068.029,no
2026-04-18,L10_50,6947.22,0.0,0.0,6947.22,no
2026-04-18,L14,3014.865,2175.432,0.0,5190.297,no
2026-04-18,L18_21,2416.248,0.0,0.0,2416.248,no
2026-04-18,L19,0.0,1889.157,0.0,1889.157,no
2026-04-18,L20,1545.215,1825.103,0.0,3370.318,no
2026-04-18,L22,1661.688,1315.503,0.0,2977.191,no
2026-04-20,L10_50,29188.32,0.0,0.0,29188.32,no
2026-04-20,L14,11633.832,9634.362,0.0,21268.194,no
2026-04-20,L18_21,8163.0,0.0,0.0,8163.0,no
2026-04-20,L19,9399.708,9138.605,0.0,18538.313,no
2026-04-20,L20,5376.182,6571.537,0.0,11947.719,no
2026-04-20,L22,1552.887,4203.675,0.0,5756.562,no
2026-04-21,L10_50,17626.28,0.0,0.0,17626.28,no
2026-04-21,L14,10370.088,3871.026,0.0,14241.114,no
2026-04-21,L18_21,6807.942,0.0,0.0,6807.942,no
2026-04-21,L19,8063.475,8217.065,0.0,16280.54,no
2026-04-21,L20,6005.93,5621.084,0.0,11627.014,no
2026-04-21,L22,3639.888,5331.249,0.0,8971.137,no
2026-04-22,L10_50,15193.92,0.0,0.0,15193.92,no
2026-04-22,L14,11547.546,10379.352,0.0,21926.898,no
2026-04-22,L18_21,5061.06,0.0,0.0,5061.06,no
2026-04-22,L19,10075.504,9338.272,0.0,19413.776,no
2026-04-22,L20,6991.369,5047.042,0.0,12038.411,no
2026-04-22,L22,6033.51,6063.183,0.0,12096.693,no
2026-04-23,L10_50,27972.14,0.0,0.0,27972.14,no
2026-04-23,L14,10854.9,9107.778,0.0,19962.678,no
2026-04-23,L18_21,906.093,0.0,0.0,906.093,no
2026-04-23,L19,9123.246,7679.5,0.0,16802.746,no
2026-04-23,L20,8759.03,7660.03,0.0,16419.06,no
2026-04-23,L22,8120.925,13129.425,0.0,21250.35,no
2026-04-24,L10_50,26056.24,0.0,0.0,26056.24,no
2026-04-24,L14,11227.068,11785.32,0.0,23012.388,no
2026-04-24,L18_21,7836.48,0.0,0.0,7836.48,no
2026-04-24,L19,9599.375,8278.501,0.0,17877.876,no
2026-04-24,L20,9901.99,8275.47,0.0,18177.46,no
2026-04-24,L22,14727.375,16146.45,0.0,30873.825,no
2026-04-25,L10_50,7130.48,0.0,0.0,7130.48,no
2026-04-25,L14,10203.606,10482.732,0.0,20686.338,no
2026-04-25,L18_21,6627.882,471.714,0.0,7099.596,no
2026-04-25,L19,8631.758,8416.732,0.0,17048.49,no
2026-04-25,L20,3807.375,5138.625,0.0,8946.0,no
2026-04-25,L22,13105.575,10815.975,0.0,23921.55,no
2026-04-27,L10_50,0.0,0.0,0.0,0.0,si
2026-04-27,L14,10245.449,11799.457,0.0,22044.906,no
2026-04-27,L19,8985.015,10843.454,0.0,19828.469,no
2026-04-27,L20,13241.5,14200.0,0.0,27441.5,no
2026-04-27,L22,16074.9,15156.675,0.0,31231.575,no
2026-04-28,L10_50,0.0,0.0,0.0,0.0,si
2026-04-28,L14,11834.121,4381.722,0.0,16215.843,no
2026-04-28,L19,8985.015,10597.71,0.0,19582.725,no
2026-04-28,L20,14111.25,12575.875,0.0,26687.125,no
2026-04-28,L22,15991.425,15180.525,0.0,31171.95,no
2026-04-29,L10_50,0.0,0.0,0.0,0.0,si
2026-04-29,L14,11719.725,3779.325,0.0,15499.05,no
2026-04-29,L19,10290.53,10735.941,0.0,21026.471,no
2026-04-29,L20,0.0,0.0,0.0,0.0,no
2026-04-29,L22,16420.725,4448.025,0.0,20868.75,no
2026-05-04,L10_50,0.0,6026.706,0.0,6026.706,no
2026-05-04,L14,4911.85,11885.15,0.0,16797.0,no
2026-05-04,L16,0.0,0.0,0.0,0.0,si
2026-05-04,L18_21,0.0,4192.776,0.0,4192.776,no
2026-05-04,L19,0.0,1823.91,0.0,1823.91,no
2026-05-04,L20,1979.653,0.0,0.0,1979.653,no
2026-05-04,L22,8168.625,16921.575,0.0,25090.2,no
2026-05-05,L10_50,0.0,16877.51,0.0,16877.51,no
2026-05-05,L14,13603.025,4551.83,0.0,18154.855,no
2026-05-05,L16,0.0,0.0,0.0,0.0,si
2026-05-05,L18_21,0.0,6072.024,0.0,6072.024,no
2026-05-05,L19,0.0,4907.976,0.0,4907.976,no
2026-05-05,L20,2102.581,0.0,0.0,2102.581,no
2026-05-05,L22,11340.675,5507.462,0.0,16848.137,no
2026-05-06,L10_50,0.0,21660.61,0.0,21660.61,no
2026-05-06,L14,10291.008,9247.68,0.0,19538.688,no
2026-05-06,L16,0.0,0.0,0.0,0.0,si
2026-05-06,L18_21,0.0,7690.704,0.0,7690.704,no
2026-05-06,L19,0.0,2288.178,0.0,2288.178,no
2026-05-06,L20,2225.509,0.0,0.0,2225.509,no
2026-05-06,L22,8353.22,8820.434,0.0,17173.654,no
2026-05-07,L10_50,0.0,16713.518,0.0,16713.518,no
2026-05-07,L14,8405.904,7687.095,0.0,16092.999,no
2026-05-07,L16,0.0,0.0,0.0,0.0,si
2026-05-07,L18_21,0.0,6577.368,0.0,6577.368,no
2026-05-07,L19,0.0,4017.792,0.0,4017.792,no
2026-05-07,L20,2189.655,0.0,0.0,2189.655,no
2026-05-07,L22,9089.436,8395.694,0.0,17485.13,no
2026-05-08,L10_50,0.0,12758.598,0.0,12758.598,no
2026-05-08,L14,8580.057,11019.12,0.0,19599.177,no
2026-05-08,L16,0.0,0.0,0.0,0.0,si
2026-05-08,L18_21,0.0,8360.724,0.0,8360.724,no
2026-05-08,L19,0.0,6225.485,0.0,6225.485,no
2026-05-08,L20,2222.948,0.0,0.0,2222.948,no
2026-05-08,L22,8820.434,8098.376,0.0,16918.81,no
2026-05-11,L14,0.0,9144.35,0.0,9144.35,no
2026-05-11,L16,0.0,666.4,0.0,666.4,si
2026-05-11,L18_21,6523.5,0.0,0.0,6523.5,no
2026-05-11,L19,9521.33,12890.416,0.0,22411.746,no
2026-05-11,L20,2025.751,2010.385,0.0,4036.136,no
2026-05-11,L22,3270.498,6866.63,0.0,10137.128,no
2026-05-12,L10_50,15077.3,0.0,0.0,15077.3,no
2026-05-12,L14,3389.965,6865.473,0.0,10255.438,no
2026-05-12,L16,2048.2,2018.8,0.0,4067.0,no
2026-05-12,L18_21,7754.85,0.0,0.0,7754.85,no
2026-05-12,L19,12838.101,13015.972,0.0,25854.073,no
2026-05-12,L20,0.0,1884.896,0.0,1884.896,no
2026-05-12,L22,5921.944,7697.749,0.0,13619.693,no
2026-05-13,L10_50,20208.58,0.0,0.0,20208.58,no
2026-05-13,L14,6404.703,6450.78,0.0,12855.483,no
2026-05-13,L16,1680.7,1411.2,0.0,3091.9,no
2026-05-13,L18_21,6963.039,0.0,0.0,6963.039,no
2026-05-13,L19,7962.343,7878.639,0.0,15840.982,no
2026-05-13,L20,0.0,2076.971,0.0,2076.971,no
2026-05-13,L22,6862.434,7260.815,0.0,14123.249,no
2026-05-14,L10_50,14427.56,0.0,0.0,14427.56,no
2026-05-14,L14,6558.293,6604.37,0.0,13162.663,no
2026-05-14,L16,1739.5,2489.2,0.0,4228.7,no
2026-05-14,L18_21,8032.392,0.0,0.0,8032.392,no
2026-05-14,L19,2107.564,19173.692,0.0,21281.256,no
2026-05-14,L20,0.0,2137.191,0.0,2137.191,no
2026-05-14,L22,6811.03,4084.983,0.0,10896.013,no
2026-05-15,L10_50,23607.22,0.0,0.0,23607.22,no
2026-05-15,L14,6404.703,6143.6,0.0,12548.303,no
2026-05-15,L16,1318.1,1612.1,0.0,2930.2,no
2026-05-15,L18_21,4514.139,0.0,0.0,4514.139,no
2026-05-15,L19,17117.532,13843.811,0.0,30961.343,no
2026-05-15,L20,2496.536,2603.356,0.0,5099.892,no
2026-05-15,L22,5934.6,5637.87,0.0,11572.47,no
2026-05-16,L10_50,11212.18,0.0,0.0,11212.18,no
2026-05-16,L14,5559.958,5667.471,0.0,11227.429,no
2026-05-16,L16,1117.2,401.8,0.0,1519.0,no
2026-05-16,L18_21,3550.905,0.0,0.0,3550.905,no
2026-05-16,L19,15063.892,16166.128,0.0,31230.02,no
2026-05-16,L20,1818.88,1892.579,0.0,3711.459,no
2026-05-16,L22,4846.59,4925.718,0.0,9772.308,no
2026-05-19,L10_50,26705.98,0.0,0.0,26705.98,no
2026-05-19,L14,5606.035,6619.729,0.0,12225.764,no
2026-05-19,L16,1303.4,2303.0,0.0,3606.4,no
2026-05-19,L19,20266.92,0.0,0.0,20266.92,no
2026-05-19,L20,2205.021,2146.118,0.0,4351.139,no
2026-05-19,L22,5331.249,5657.652,0.0,10988.901,no
2026-05-20,L10_50,25089.96,0.0,0.0,25089.96,no
2026-05-20,L14,6066.805,7095.858,0.0,13162.663,no
2026-05-20,L16,1999.2,2151.1,0.0,4150.3,no
2026-05-20,L19,18453.564,0.0,0.0,18453.564,no
2026-05-20,L20,2343.286,5143.663,0.0,7486.949,no
2026-05-20,L22,5153.211,6073.074,0.0,11226.285,no
2026-05-21,L10_50,21991.2,0.0,0.0,21991.2,no
2026-05-21,L14,0.0,6757.96,0.0,6757.96,si
2026-05-21,L16,1901.2,1411.2,0.0,3312.4,no
2026-05-21,L19,16948.36,0.0,0.0,16948.36,no
2026-05-21,L20,4783.881,2425.696,0.0,7209.577,no
2026-05-21,L22,5192.775,6350.022,0.0,11542.797,no
2026-05-22,L10_50,28721.84,0.0,0.0,28721.84,no
2026-05-22,L14,0.0,6327.908,0.0,6327.908,si
2026-05-22,L16,333.2,1038.8,0.0,1372.0,no
2026-05-22,L19,7822.976,0.0,0.0,7822.976,no
2026-05-22,L20,6565.706,7341.229,0.0,13906.935,no
2026-05-22,L22,5875.254,6310.458,0.0,12185.712,no
2026-05-23,L10_50,24323.6,0.0,0.0,24323.6,no
2026-05-23,L14,5452.445,4976.316,0.0,10428.761,no
2026-05-23,L16,0.0,1950.2,0.0,1950.2,no
2026-05-23,L19,15388.248,0.0,0.0,15388.248,no
2026-05-23,L20,5247.9,4414.067,0.0,9661.967,no
2026-05-23,L22,4638.879,3790.44,0.0,8429.319,no
2026-05-24,L16,1754.2,0.0,0.0,1754.2,no
2026-05-25,L10_50,12095.16,0.0,0.0,12095.16,no
2026-05-25,L14,3345.177,4166.448,0.0,7511.625,no
2026-05-25,L16,1176.0,485.1,0.0,1661.1,no
2026-05-25,L19,15495.276,15174.192,0.0,30669.468,no
2026-05-25,L20,1994.202,9833.5,0.0,11827.702,no
2026-05-25,L22,0.0,13391.775,0.0,13391.775,si
2026-05-26,L10_50,11525.4,4085.114,0.0,15610.514,no
2026-05-26,L14,7585.072,4019.82,0.0,11604.892,no
2026-05-26,L19,15483.384,0.0,0.0,15483.384,no
2026-05-26,L20,14182.25,14342.0,0.0,28524.25,no
2026-05-26,L22,0.0,14572.35,0.0,14572.35,si
2026-05-27,L10_50,0.0,0.0,0.0,0.0,no
2026-05-27,L14,11149.089,0.0,0.0,11149.089,no
2026-05-27,L19,0.0,0.0,0.0,0.0,no
2026-05-27,L20,10552.375,0.0,0.0,10552.375,no
2026-05-27,L22,6606.45,0.0,0.0,6606.45,no
2026-05-28,L10_50,13800.576,17449.92,0.0,31250.496,no
2026-05-28,L14,10947.942,8063.64,0.0,19011.582,no
2026-05-28,L16,1577.8,0.0,0.0,1577.8,no
2026-05-28,L18_21,6669.88,1098.09,0.0,7767.97,no
2026-05-28,L19,0.0,0.0,0.0,0.0,no
2026-05-28,L20,7484.19,8209.53,0.0,15693.72,no
2026-05-28,L22,14047.65,11817.675,0.0,25865.325,no
2026-05-29,L10_50,7610.925,0.0,0.0,7610.925,no
2026-05-29,L14,11237.406,3597.624,0.0,14835.03,no
2026-05-29,L16,0.0,720.3,0.0,720.3,no
2026-05-29,L19,0.0,1862.414,0.0,1862.414,no
2026-05-29,L20,1213.618,1782.368,0.0,2995.986,no
2026-05-29,L22,14596.2,13952.25,0.0,28548.45,no
2026-06-01,L10_50,23553.81,0.0,0.0,23553.81,no
2026-06-01,L14,0.0,11454.504,0.0,11454.504,no
2026-06-01,L16,2239.3,0.0,0.0,2239.3,no
2026-06-01,L18_21,0.0,2490.106,0.0,2490.106,no
2026-06-01,L19,9877.072,0.0,0.0,9877.072,no
2026-06-01,L20,2450.756,2506.204,0.0,4956.96,no
2026-06-01,L22,0.0,13117.5,0.0,13117.5,no
2026-06-02,L10_50,21679.119,0.0,0.0,21679.119,no
2026-06-02,L14,0.0,0.0,0.0,0.0,no
2026-06-02,L16,1612.1,0.0,0.0,1612.1,no
2026-06-02,L18_21,0.0,7109.973,0.0,7109.973,no
2026-06-02,L19,0.0,0.0,0.0,0.0,si
2026-06-02,L20,2597.6,2603.712,0.0,5201.312,no
2026-06-02,L22,13415.625,12592.8,0.0,26008.425,no
2026-06-03,L10_50,9581.754,0.0,0.0,9581.754,no
2026-06-03,L14,5468.802,10617.126,0.0,16085.928,no
2026-06-03,L16,2489.2,0.0,0.0,2489.2,no
2026-06-03,L18_21,0.0,6522.237,0.0,6522.237,no
2026-06-03,L19,0.0,0.0,0.0,0.0,si
2026-06-03,L20,2570.096,2210.472,0.0,4780.568,no
2026-06-03,L22,15252.075,14488.875,0.0,29740.95,no
2026-06-04,L10_50,1844.064,0.0,0.0,1844.064,no
2026-06-04,L14,5561.844,10534.422,0.0,16096.266,no
2026-06-04,L16,2405.9,0.0,0.0,2405.9,no
2026-06-04,L18_21,0.0,5877.36,0.0,5877.36,no
2026-06-04,L20,2253.68,2271.607,0.0,4525.287,no
2026-06-04,L22,4700.456,5408.356,0.0,10108.812,no
2026-06-05,L10_50,17633.862,0.0,0.0,17633.862,no
2026-06-05,L14,5561.844,11557.884,0.0,17119.728,no
2026-06-05,L16,2445.1,0.0,0.0,2445.1,no
2026-06-05,L18_21,0.0,7314.048,0.0,7314.048,no
2026-06-05,L20,2197.338,2240.875,0.0,4438.213,no
2026-06-05,L22,6540.996,8084.218,0.0,14625.214,no
2026-06-06,L10_50,7542.734,0.0,0.0,7542.734,no
2026-06-06,L14,0.0,9821.1,0.0,9821.1,no
2026-06-06,L16,1960.0,0.0,0.0,1960.0,no
2026-06-06,L18_21,0.0,2808.072,0.0,2808.072,no
2026-06-06,L20,1864.408,1815.749,0.0,3680.157,no
2026-06-06,L22,7093.158,5352.12,0.0,12445.278,no
2026-06-09,L10_50,0.0,17704.214,0.0,17704.214,no
2026-06-09,L14,10544.76,11302.368,0.0,21847.128,no
2026-06-09,L16,1891.4,0.0,0.0,1891.4,no
2026-06-09,L18_21,7379.352,0.0,0.0,7379.352,no
2026-06-09,L19,10044.48,11477.911,0.0,21522.391,no
2026-06-09,L20,2158.923,2343.315,0.0,4502.238,no
2026-06-09,L22,7106.603,0.0,0.0,7106.603,no
2026-06-10,L10_50,0.0,8611.887,0.0,8611.887,no
2026-06-10,L14,12182.676,12488.124,0.0,24670.8,no
2026-06-10,L16,2239.3,0.0,0.0,2239.3,no
2026-06-10,L18_21,8016.066,383.661,0.0,8399.727,no
2026-06-10,L19,1768.247,12183.856,0.0,13952.103,no
2026-06-10,L20,2235.753,2358.681,0.0,4594.434,no
2026-06-10,L22,7826.259,0.0,0.0,7826.259,no
2026-06-11,L10_50,0.0,30616.039,0.0,30616.039,no
2026-06-11,L14,12417.636,5650.788,0.0,18068.424,no
2026-06-11,L16,2386.3,0.0,0.0,2386.3,no
2026-06-11,L18_21,4865.148,0.0,0.0,4865.148,no
2026-06-11,L19,16332.056,17991.336,0.0,34323.392,no
2026-06-11,L20,2169.167,2281.851,0.0,4451.018,no
2026-06-11,L22,7916.216,0.0,0.0,7916.216,no
2026-06-12,L10_50,0.0,35408.428,0.0,35408.428,si
2026-06-12,L14,5867.138,6327.908,0.0,12195.046,no
2026-06-12,L16,2111.9,0.0,0.0,2111.9,no
2026-06-12,L18_21,3999.87,0.0,0.0,3999.87,no
2026-06-12,L19,16569.096,19010.608,0.0,35579.704,no
2026-06-12,L20,2079.532,2112.825,0.0,4192.357,no
2026-06-12,L22,5178.672,0.0,0.0,5178.672,no
2026-06-13,L10_50,0.0,20598.865,0.0,20598.865,no
2026-06-13,L14,5114.547,5559.958,0.0,10674.505,no
2026-06-13,L16,1631.7,0.0,0.0,1631.7,no
2026-06-13,L18_21,6190.464,0.0,0.0,6190.464,no
2026-06-13,L19,14897.964,16166.128,0.0,31064.092,no
2026-06-13,L20,1859.286,973.18,0.0,2832.466,no
2026-06-13,L22,5083.974,0.0,0.0,5083.974,no
2026-06-16,L10_50,16541.105,0.0,0.0,16541.105,no
2026-06-16,L14,6450.78,6420.062,0.0,12870.842,no
2026-06-16,L16,333.2,0.0,0.0,333.2,no
2026-06-16,L18_21,7422.24,0.0,0.0,7422.24,no
2026-06-16,L19,0.0,16071.312,0.0,16071.312,no
2026-06-16,L20,2179.411,2002.702,0.0,4182.113,no
2026-06-16,L22,5815.908,5568.633,0.0,11384.541,no
2026-06-17,L10_50,15773.425,0.0,0.0,15773.425,no
2026-06-17,L14,6281.831,5053.111,0.0,11334.942,no
2026-06-17,L16,1386.7,0.0,0.0,1386.7,no
2026-06-17,L18_21,7477.512,0.0,0.0,7477.512,no
2026-06-17,L19,0.0,12551.268,0.0,12551.268,no
2026-06-17,L20,3506.35,3658.8,0.0,7165.15,no
2026-06-17,L22,5252.121,4243.239,0.0,9495.36,no
2026-06-18,L10_50,22502.62,0.0,0.0,22502.62,no
2026-06-18,L14,5621.394,5575.317,0.0,11196.711,no
2026-06-18,L16,1974.7,0.0,0.0,1974.7,no
2026-06-18,L18_21,0.0,0.0,0.0,0.0,si
2026-06-18,L19,0.0,16035.756,0.0,16035.756,no
2026-06-18,L20,4046.023,4134.444,0.0,8180.467,no
2026-06-18,L22,4846.59,5469.723,0.0,10316.313,no
2026-06-19,L10_50,18532.275,0.0,0.0,18532.275,no
2026-06-19,L14,6143.6,6466.139,0.0,12609.739,no
2026-06-19,L16,1519.0,0.0,0.0,1519.0,no
2026-06-19,L18_21,0.0,0.0,0.0,0.0,si
2026-06-19,L19,0.0,17043.176,0.0,17043.176,no
2026-06-19,L20,5064.389,2088.565,0.0,7152.954,no
2026-06-19,L22,5440.05,6152.202,0.0,11592.252,no
2026-06-20,L10_50,16025.32,0.0,0.0,16025.32,no
2026-06-20,L14,4454.11,5283.496,0.0,9737.606,no
2026-06-20,L16,259.7,0.0,0.0,259.7,no
2026-06-20,L18_21,5945.688,0.0,0.0,5945.688,no
2026-06-20,L19,0.0,8129.751,0.0,8129.751,no
2026-06-20,L20,3067.106,5539.45,0.0,8606.556,no
2026-06-20,L22,4876.263,4628.988,0.0,9505.251,no
2026-06-22,L10_50,21051.225,24517.78,0.0,45569.005,no
2026-06-22,L14,5821.061,6681.165,0.0,12502.226,no
2026-06-22,L16,411.6,0.0,0.0,411.6,no
2026-06-22,L18_21,6135.192,0.0,0.0,6135.192,no
2026-06-22,L19,0.0,12482.359,0.0,12482.359,no
2026-06-22,L20,6577.368,6682.326,0.0,13259.694,no
2026-06-22,L22,5598.306,0.0,0.0,5598.306,no
2026-06-23,L10_50,23102.37,12424.16,0.0,35526.53,no
2026-06-23,L14,5283.496,4761.29,0.0,10044.786,no
2026-06-23,L16,1200.5,0.0,0.0,1200.5,no
2026-06-23,L18_21,6439.281,0.0,0.0,6439.281,no
2026-06-23,L19,1088.152,9772.442,0.0,10860.594,no
2026-06-23,L20,5475.309,5172.097,0.0,10647.406,no
2026-06-23,L22,6856.875,0.0,0.0,6856.875,no
2026-06-24,L10_50,18259.36,26439.42,0.0,44698.78,no
2026-06-24,L14,0.0,6512.216,0.0,6512.216,no
2026-06-24,L16,2244.2,0.0,0.0,2244.2,no
2026-06-24,L18_21,7384.764,0.0,0.0,7384.764,no
2026-06-24,L19,11875.505,12231.247,0.0,24106.752,no
2026-06-24,L20,6810.608,7148.806,0.0,13959.414,no
2026-06-24,L22,14274.225,0.0,0.0,14274.225,no
2026-06-25,L10_50,25689.72,33419.96,0.0,59109.68,no
2026-06-25,L14,6512.216,5990.01,0.0,12502.226,no
2026-06-25,L16,2312.8,0.0,0.0,2312.8,no
2026-06-25,L18_21,7238.37,0.0,0.0,7238.37,no
2026-06-25,L19,11174.484,12660.23,0.0,23834.714,no
2026-06-25,L20,3656.037,3580.234,0.0,7236.271,no
2026-06-25,L22,15407.1,0.0,0.0,15407.1,no
2026-06-26,L10_50,36535.38,7880.18,0.0,44415.56,no
2026-06-26,L14,0.0,4699.854,0.0,4699.854,no
2026-06-26,L16,2013.9,0.0,0.0,2013.9,no
2026-06-26,L18_21,5183.178,0.0,0.0,5183.178,no
2026-06-26,L19,11885.968,12723.008,0.0,24608.976,no
2026-06-26,L20,5189.59,6349.959,0.0,11539.549,no
2026-06-26,L22,12175.425,0.0,0.0,12175.425,no
2026-06-30,L10_50,0.0,0.0,0.0,0.0,no
2026-06-30,L14,0.0,0.0,0.0,0.0,no
2026-06-30,L18_21,0.0,0.0,0.0,0.0,no
2026-06-30,L19,0.0,0.0,0.0,0.0,no
2026-06-30,L22,0.0,0.0,0.0,0.0,no
2026-07-02,L10_50,0.0,26356.12,0.0,26356.12,no
2026-07-02,L16,1793.4,0.0,0.0,1793.4,no
2026-07-02,L18_21,0.0,4954.941,0.0,4954.941,no
2026-07-02,L19,11425.596,9730.59,0.0,21156.186,no
2026-07-02,L20,0.0,945.009,0.0,945.009,si
2026-07-02,L22,12628.575,12449.7,0.0,25078.275,no
2026-07-03,L10_50,0.0,31387.44,0.0,31387.44,no
2026-07-03,L14,4607.7,0.0,0.0,4607.7,no
2026-07-03,L16,2254.0,0.0,0.0,2254.0,no
2026-07-03,L18_21,0.0,6596.674,0.0,6596.674,no
2026-07-03,L19,12566.063,12346.34,0.0,24912.403,no
2026-07-03,L20,384.15,2374.047,0.0,2758.197,si
2026-07-03,L22,15073.2,15478.65,0.0,30551.85,no
2026-07-04,L10_50,0.0,21041.58,0.0,21041.58,no
2026-07-04,L14,1198.002,0.0,0.0,1198.002,no
2026-07-04,L16,1852.2,0.0,0.0,1852.2,no
2026-07-04,L18_21,0.0,5474.255,0.0,5474.255,no
2026-07-04,L19,10400.222,10881.52,0.0,21281.742,no
2026-07-04,L20,1787.578,1910.506,0.0,3698.084,no
2026-07-04,L22,14083.425,8490.6,0.0,22574.025,no
2026-07-06,L10_50,19892.04,0.0,0.0,19892.04,no
2026-07-06,L14,0.0,5939.856,0.0,5939.856,no
2026-07-06,L16,2082.5,1445.5,0.0,3528.0,no
2026-07-06,L18_21,0.0,7844.643,0.0,7844.643,no
2026-07-06,L19,13047.361,0.0,0.0,13047.361,no
2026-07-06,L20,2428.739,2411.08,0.0,4839.819,no
2026-07-06,L22,14882.4,6469.101,0.0,21351.501,no
2026-07-07,L14,9804.912,6046.56,0.0,15851.472,no
2026-07-07,L16,2053.1,1367.1,0.0,3420.2,no
2026-07-07,L18_21,0.0,5093.712,0.0,5093.712,no
2026-07-07,L19,13549.585,0.0,0.0,13549.585,no
2026-07-07,L20,2225.509,1367.574,0.0,3593.083,no
2026-07-07,L22,8537.274,5238.46,0.0,13775.734,no
2026-07-08,L14,10800.816,9200.256,0.0,20001.072,no
2026-07-08,L16,2538.2,2053.1,0.0,4591.3,no
2026-07-08,L18_21,0.0,8383.401,0.0,8383.401,no
2026-07-08,L19,10044.48,0.0,0.0,10044.48,no
2026-07-08,L20,1995.019,2189.655,0.0,4184.674,no
2026-07-08,L22,8225.798,7829.374,0.0,16055.172,no
2026-07-09,L14,9650.784,6224.4,0.0,15875.184,no
2026-07-09,L16,1690.5,2557.8,0.0,4248.3,no
2026-07-09,L18_21,0.0,8085.009,0.0,8085.009,no
2026-07-09,L19,11509.3,0.0,0.0,11509.3,no
2026-07-09,L20,2261.363,2245.997,0.0,4507.36,no
2026-07-09,L22,8919.54,6993.812,0.0,15913.352,no
2026-07-10,L14,9781.2,5821.296,0.0,15602.496,no
2026-07-10,L16,2543.1,2528.4,0.0,5071.5,no
2026-07-10,L18_21,0.0,7800.506,0.0,7800.506,no
2026-07-10,L19,12921.805,0.0,0.0,12921.805,no
2026-07-10,L20,2105.142,1833.676,0.0,3938.818,no
2026-07-10,L22,7941.918,7222.262,0.0,15164.18,no
2026-07-11,L14,8216.208,4493.424,0.0,12709.632,no
2026-07-11,L16,2249.1,1411.2,0.0,3660.3,no
2026-07-11,L18_21,0.0,6653.612,0.0,6653.612,no
2026-07-11,L19,10599.019,0.0,0.0,10599.019,no
2026-07-11,L20,3731.976,3094.735,0.0,6826.711,no
2026-07-11,L22,5937.162,6258.437,0.0,12195.599,no
2026-07-14,L10_50,0.0,15393.84,0.0,15393.84,no
2026-07-14,L14,8156.928,5477.472,0.0,13634.4,no
2026-07-14,L18_21,8264.144,122.01,0.0,8386.154,no
2026-07-14,L19,11655.782,4606.055,0.0,16261.837,no
2026-07-14,L22,6214.26,7588.688,0.0,13802.948,no
2026-07-15,L10_50,0.0,14927.36,0.0,14927.36,no
2026-07-15,L14,1600.56,2326.5,0.0,3927.06,no
2026-07-15,L18_21,7690.214,0.0,0.0,7690.214,no
2026-07-15,L19,15881.68,17706.888,0.0,33588.568,no
2026-07-15,L22,8055.902,3660.469,0.0,11716.371,no
2026-07-16,L10_50,0.0,29554.84,0.0,29554.84,no
2026-07-16,L14,12705.275,10538.2,0.0,23243.475,no
2026-07-16,L18_21,8464.512,0.0,0.0,8464.512,no
2026-07-16,L19,16960.212,12243.116,0.0,29203.328,no
2026-07-16,L22,5697.216,4846.59,0.0,10543.806,no
2026-07-17,L10_50,0.0,16443.42,0.0,16443.42,no
2026-07-17,L14,9607.375,5535.375,0.0,15142.75,no
2026-07-17,L18_21,7643.328,0.0,0.0,7643.328,no
2026-07-17,L19,15952.792,7703.8,0.0,23656.592,no
2026-07-17,L22,4500.405,2492.532,0.0,6992.937,no
2026-07-18,L10_50,0.0,31187.52,0.0,31187.52,no
2026-07-18,L14,11147.1,509.0,0.0,11656.1,no
2026-07-18,L18_21,1918.728,0.0,0.0,1918.728,no
2026-07-18,L19,18346.896,16770.58,0.0,35117.476,no
2026-07-18,L20,0.0,0.0,0.0,0.0,no
2026-07-18,L22,5262.012,5311.467,0.0,10573.479,no
2026-07-21,L10_50,31953.88,0.0,0.0,31953.88,no
2026-07-21,L14,10459.95,6655.175,0.0,17115.125,no
2026-07-21,L16,1984.5,0.0,0.0,1984.5,no
2026-07-21,L19,16332.056,0.0,0.0,16332.056,no
2026-07-21,L20,5008.829,5271.224,0.0,10280.053,no
2026-07-21,L22,4807.026,3313.485,0.0,8120.511,no
2026-07-22,L10_50,25706.38,0.0,0.0,25706.38,no
2026-07-22,L14,10855.446,11565.726,0.0,22421.172,no
2026-07-22,L16,2401.0,0.0,0.0,2401.0,no
2026-07-22,L19,19460.984,0.0,0.0,19460.984,no
2026-07-22,L20,6594.861,6425.762,0.0,13020.623,no
2026-07-22,L22,0.0,8355.296,0.0,8355.296,no
2026-07-23,L10_50,20991.6,0.0,0.0,20991.6,no
2026-07-23,L14,10711.638,12615.141,0.0,23326.779,no
2026-07-23,L16,2092.3,0.0,0.0,2092.3,no
2026-07-23,L19,8995.668,0.0,0.0,8995.668,no
2026-07-23,L20,6973.155,9786.595,0.0,16759.75,no
2026-07-23,L22,8063.475,8754.63,0.0,16818.105,no
2026-07-24,L10_50,7913.5,0.0,0.0,7913.5,no
2026-07-24,L14,7744.065,4591.3,0.0,12335.365,no
2026-07-24,L16,1935.5,0.0,0.0,1935.5,no
2026-07-24,L19,14341.716,6618.265,0.0,20959.981,no
2026-07-24,L20,9572.29,1928.745,0.0,11501.035,no
2026-07-24,L22,9722.247,8954.297,0.0,18676.544,no
2026-07-25,L10_50,12900.704,0.0,0.0,12900.704,no
2026-07-25,L14,10455.046,8782.528,0.0,19237.574,no
2026-07-25,L16,2263.8,0.0,0.0,2263.8,no
2026-07-25,L19,11026.158,0.0,0.0,11026.158,no
2026-07-25,L20,6709.5,7881.0,0.0,14590.5,no
2026-07-25,L22,9024.938,13785.3,0.0,22810.238,no
2026-07-27,L10_50,12190.072,13310.684,0.0,25500.756,no
2026-07-27,L14,10805.495,6316.503,0.0,17121.998,no
2026-07-27,L16,965.3,0.0,0.0,965.3,no
2026-07-27,L19,11604.453,0.0,0.0,11604.453,no
2026-07-27,L20,10756.5,12078.875,0.0,22835.375,no
2026-07-27,L22,0.0,0.0,0.0,0.0,si
2026-07-28,L10_50,12395.062,10550.152,0.0,22945.214,no
2026-07-28,L14,10028.508,4804.842,0.0,14833.35,no
2026-07-28,L19,15067.164,0.0,0.0,15067.164,no
2026-07-28,L20,4686.0,3523.375,0.0,8209.375,no
2026-07-28,L22,0.0,0.0,0.0,0.0,si
2026-07-29,L10_50,11653.46,15917.858,0.0,27571.318,no
2026-07-29,L14,0.0,0.0,0.0,0.0,no
2026-07-29,L19,20501.808,17873.676,0.0,38375.484,no
2026-07-29,L20,11990.125,8599.875,0.0,20590.0,no
2026-07-29,L22,17231.625,0.0,0.0,17231.625,no
2026-07-30,L10_50,7970.94,27521.472,0.0,35492.412,no
2026-07-30,L16,0.0,0.0,0.0,0.0,no
2026-07-30,L19,7515.744,0.0,0.0,7515.744,no
2026-07-30,L20,7827.75,11981.25,0.0,19809.0,no
2026-07-30,L22,16695.0,0.0,0.0,16695.0,no
2026-08-01,L10_50,19548.06,14292.516,0.0,33840.576,no
2026-08-01,L20,2591.5,0.0,0.0,2591.5,no
2026-08-03,L10_50,9469.593,0.0,0.0,9469.593,no
2026-08-03,L14,0.0,0.0,0.0,0.0,si
2026-08-03,L16,1288.7,0.0,0.0,1288.7,no
2026-08-03,L18_21,4229.16,0.0,0.0,4229.16,no
2026-08-03,L19,4770.0,11567.25,0.0,16337.25,no
2026-08-03,L20,1303.549,0.0,0.0,1303.549,no
2026-08-03,L22,12473.55,13165.2,0.0,25638.75,no
2026-08-04,L10_50,8813.586,0.0,0.0,8813.586,no
2026-08-04,L14,0.0,0.0,0.0,0.0,si
2026-08-04,L16,999.6,0.0,0.0,999.6,no
2026-08-04,L18_21,0.0,0.0,0.0,0.0,no
2026-08-04,L19,11209.5,0.0,0.0,11209.5,no
2026-08-04,L20,1746.602,230.49,0.0,1977.092,no
2026-08-04,L22,8889.082,783.309,0.0,9672.391,no
