fecha,kg_turno1,kg_turno2,kg_total,mantenimiento
2026-01-02,0.0,0.0,0.0,no
2026-01-03,0.0,0.0,0.0,no
2026-01-05,16229.925,14393.475,30623.4,no
2026-01-06,15347.475,13415.625,28763.1,no
2026-01-07,7036.526,9004.488,16041.014,no
2026-01-08,9330.122,8508.958,17839.08,no
2026-01-09,8112.534,9032.804,17145.338,no
2026-01-10,2236.964,2845.758,5082.722,no
2026-01-13,0.0,8962.014,8962.014,si
2026-01-14,0.0,7319.686,7319.686,si
2026-01-15,8763.802,8523.116,17286.918,no
2026-01-16,8636.38,8848.75,17485.13,no
2026-01-17,6187.046,7008.21,13195.256,no
2026-01-19,8409.852,8834.592,17244.444,no
2026-01-20,6358.48,5301.576,11660.056,no
2026-01-21,4352.04,6340.131,10692.171,no
2026-01-22,5736.78,5687.325,11424.105,no
2026-01-23,5934.6,6102.747,12037.347,no
2026-01-24,5400.486,4846.59,10247.076,no
2026-01-26,1285.83,5807.475,7093.305,no
2026-01-27,14787.0,15013.575,29800.575,no
2026-01-28,13439.475,16480.35,29919.825,no
2026-01-29,16337.25,13582.575,29919.825,no
2026-01-30,12175.425,0.0,12175.425,no
2026-02-02,15800.625,16826.175,32626.8,no
2026-02-03,14906.25,15156.675,30062.925,no
2026-02-04,10553.625,5422.514,15976.139,no
2026-02-05,9117.752,6682.576,15800.328,no
2026-02-06,8395.694,7914.322,16310.016,no
2026-02-07,5804.78,5804.78,11609.56,no
2026-02-09,6116.256,0.0,6116.256,no
2026-02-10,5865.363,0.0,5865.363,no
2026-02-11,5637.87,0.0,5637.87,no
2026-02-12,4856.481,0.0,4856.481,no
2026-02-13,4114.656,0.0,4114.656,no
2026-02-14,2522.205,0.0,2522.205,no
2026-02-16,4114.656,4253.13,8367.786,no
2026-02-17,6251.112,6379.695,12630.807,no
2026-02-18,6280.785,6369.804,12650.589,no
2026-02-19,6369.804,1661.688,8031.492,no
2026-02-20,6053.292,6201.657,12254.949,no
2026-02-21,5926.725,12413.925,18340.65,no
2026-02-23,14965.875,14703.525,29669.4,no
2026-02-24,14846.625,16671.15,31517.775,no
2026-02-25,15275.925,14787.0,30062.925,no
2026-02-26,15395.175,16218.0,31613.175,no
2026-02-27,14405.4,17291.25,31696.65,no
2026-03-02,14906.25,17076.6,31982.85,no
2026-03-03,13856.85,17374.725,31231.575,no
2026-03-04,11140.954,6978.093,18119.047,no
2026-03-05,8455.958,7531.788,15987.746,no
2026-03-06,9287.648,8834.592,18122.24,no
2026-03-07,6102.098,6795.84,12897.938,no
2026-03-09,8919.54,0.0,8919.54,no
2026-03-10,0.0,0.0,0.0,si
2026-03-11,0.0,0.0,0.0,si
2026-03-12,3495.443,0.0,3495.443,no
2026-03-13,5885.145,0.0,5885.145,no
2026-03-14,1018.773,939.645,1958.418,no
2026-03-16,6152.202,5845.581,11997.783,no
2026-03-17,5697.216,6300.567,11997.783,no
2026-03-18,6043.401,6013.728,12057.129,no
2026-03-19,5064.192,1431.441,6495.633,no
2026-03-20,16015.275,3589.425,19604.7,no
2026-03-21,14310.0,12080.025,26390.025,no
2026-03-25,0.0,14023.8,14023.8,no
2026-03-26,0.0,12926.7,12926.7,no
2026-03-27,0.0,14906.25,14906.25,no
2026-03-28,0.0,12747.825,12747.825,no
2026-03-30,13892.625,12413.925,26306.55,no
2026-04-01,14429.25,14262.3,28691.55,no
2026-04-04,13451.4,13034.025,26485.425,no
2026-04-06,7095.375,0.0,7095.375,no
2026-04-07,8126.692,0.0,8126.692,no
2026-04-08,8013.428,0.0,8013.428,no
2026-04-09,9046.962,0.0,9046.962,no
2026-04-10,7845.482,0.0,7845.482,no
2026-04-11,6926.689,0.0,6926.689,no
2026-04-13,8186.087,5461.54,13647.627,no
2026-04-14,6082.965,6171.984,12254.949,no
2026-04-15,5538.96,6201.657,11740.617,no
2026-04-16,5598.306,5766.453,11364.759,no
2026-04-17,4846.59,6221.439,11068.029,no
2026-04-18,1661.688,1315.503,2977.191,no
2026-04-20,1552.887,4203.675,5756.562,no
2026-04-21,3639.888,5331.249,8971.137,no
2026-04-22,6033.51,6063.183,12096.693,no
2026-04-23,8120.925,13129.425,21250.35,no
2026-04-24,14727.375,16146.45,30873.825,no
2026-04-25,13105.575,10815.975,23921.55,no
2026-04-27,16074.9,15156.675,31231.575,no
2026-04-28,15991.425,15180.525,31171.95,no
2026-04-29,16420.725,4448.025,20868.75,no
2026-05-04,8168.625,16921.575,25090.2,no
2026-05-05,11340.675,5507.462,16848.137,no
2026-05-06,8353.22,8820.434,17173.654,no
2026-05-07,9089.436,8395.694,17485.13,no
2026-05-08,8820.434,8098.376,16918.81,no
2026-05-11,3270.498,6866.63,10137.128,no
2026-05-12,5921.944,7697.749,13619.693,no
2026-05-13,6862.434,7260.815,14123.249,no
2026-05-14,6811.03,4084.983,10896.013,no
2026-05-15,5934.6,5637.87,11572.47,no
2026-05-16,4846.59,4925.718,9772.308,no
2026-05-19,5331.249,5657.652,10988.901,no
2026-05-20,5153.211,6073.074,11226.285,no
2026-05-21,5192.775,6350.022,11542.797,no
2026-05-22,5875.254,6310.458,12185.712,no
2026-05-23,4638.879,3790.44,8429.319,no
2026-05-25,0.0,13391.775,13391.775,si
2026-05-26,0.0,14572.35,14572.35,si
2026-05-27,6606.45,0.0,6606.45,no
2026-05-28,14047.65,11817.675,25865.325,no
2026-05-29,14596.2,13952.25,28548.45,no
2026-06-01,0.0,13117.5,13117.5,no
2026-06-02,13415.625,12592.8,26008.425,no
2026-06-03,15252.075,14488.875,29740.95,no
2026-06-04,4700.456,5408.356,10108.812,no
2026-06-05,6540.996,8084.218,14625.214,no
2026-06-06,7093.158,5352.12,12445.278,no
2026-06-09,7106.603,0.0,7106.603,no
2026-06-10,7826.259,0.0,7826.259,no
2026-06-11,7916.216,0.0,7916.216,no
2026-06-12,5178.672,0.0,5178.672,no
2026-06-13,5083.974,0.0,5083.974,no
2026-06-16,5815.908,5568.633,11384.541,no
2026-06-17,5252.121,4243.239,9495.36,no
2026-06-18,4846.59,5469.723,10316.313,no
2026-06-19,5440.05,6152.202,11592.252,no
2026-06-20,4876.263,4628.988,9505.251,no
2026-06-22,5598.306,0.0,5598.306,no
2026-06-23,6856.875,0.0,6856.875,no
2026-06-24,14274.225,0.0,14274.225,no
2026-06-25,15407.1,0.0,15407.1,no
2026-06-26,12175.425,0.0,12175.425,no
2026-06-30,0.0,0.0,0.0,no
2026-07-02,12628.575,12449.7,25078.275,no
2026-07-03,15073.2,15478.65,30551.85,no
2026-07-04,14083.425,8490.6,22574.025,no
2026-07-06,14882.4,6469.101,21351.501,no
2026-07-07,8537.274,5238.46,13775.734,no
2026-07-08,8225.798,7829.374,16055.172,no
2026-07-09,8919.54,6993.812,15913.352,no
2026-07-10,7941.918,7222.262,15164.18,no
2026-07-11,5937.162,6258.437,12195.599,no
2026-07-14,6214.26,7588.688,13802.948,no
2026-07-15,8055.902,3660.469,11716.371,no
2026-07-16,5697.216,4846.59,10543.806,no
2026-07-17,4500.405,2492.532,6992.937,no
2026-07-18,5262.012,5311.467,10573.479,no
2026-07-21,4807.026,3313.485,8120.511,no
2026-07-22,0.0,8355.296,8355.296,no
2026-07-23,8063.475,8754.63,16818.105,no
2026-07-24,9722.247,8954.297,18676.544,no
2026-07-25,9024.938,13785.3,22810.238,no
2026-07-27,0.0,0.0,0.0,si
2026-07-28,0.0,0.0,0.0,si
2026-07-29,17231.625,0.0,17231.625,no
2026-07-30,16695.0,0.0,16695.0,no
2026-08-03,12473.55,13165.2,25638.75,no
2026-08-04,8889.082,783.309,9672.391,no
