fecha,turno,sku,descripcion,cajas,embalaje,unidades,kg_caja,kg,mantenimiento
2026-01-02,1,3251824,"VANSH,CO,450ML WHITEX24",0,24,0,11.925,0,no
2026-01-03,1,3251824,"VANSH,CO,450ML WHITEX24",0,24,0,11.925,0,no
2026-01-05,1,3251824,"VANSH,CO,450ML WHITEX24",1361,24,32664,11.925,16229.925,no
2026-01-05,2,3251824,"VANSH,CO,450ML WHITEX24",1207,24,28968,11.925,14393.475,no
2026-01-06,1,3251823,"VANSH,CO,450ML PINKX24",834,24,20016,11.925,9945.45,no
2026-01-06,1,3251824,"VANSH,CO,450ML WHITEX24",453,24,10872,11.925,5402.025,no
2026-01-06,2,3251823,"VANSH,CO,450ML PINKX24",1125,24,27000,11.925,13415.625,no
2026-01-07,1,3162876,"SANPC,CO,VAINILLA 200ML DP",497,64,31808,14.158,7036.526,no
2026-01-07,2,3162876,"SANPC,CO,VAINILLA 200ML DP",636,64,40704,14.158,9004.488,no
2026-01-08,1,3162876,"SANPC,CO,VAINILLA 200ML DP",659,64,42176,14.158,9330.122,no
2026-01-08,2,3162876,"SANPC,CO,VAINILLA 200ML DP",601,64,38464,14.158,8508.958,no
2026-01-09,1,3162876,"SANPC,CO,VAINILLA 200ML DP",573,64,36672,14.158,8112.534,no
2026-01-09,2,3162876,"SANPC,CO,VAINILLA 200ML DP",638,64,40832,14.158,9032.804,no
2026-01-10,1,3162876,"SANPC,CO,VAINILLA 200ML DP",158,64,10112,14.158,2236.964,no
2026-01-10,2,3162876,"SANPC,CO,VAINILLA 200ML DP",201,64,12864,14.158,2845.758,no
2026-01-13,1,22,MANTENIMIENTO LINEA 22,0,,0.0,,0,si
2026-01-13,2,3162876,"SANPC,CO,VAINILLA 200ML DP",633,64,40512,14.158,8962.014,no
2026-01-14,1,22,MANTENIMIENTO LINEA 22,0,,0.0,,0,si
2026-01-14,2,3162876,"SANPC,CO,VAINILLA 200ML DP",212,64,13568,14.158,3001.496,no
2026-01-14,2,3162877,"SANPC,,CANELA MANZANA 200ML",305,64,19520,14.158,4318.19,no
2026-01-15,1,3162877,"SANPC,,CANELA MANZANA 200ML",619,64,39616,14.158,8763.802,no
2026-01-15,2,3162877,"SANPC,,CANELA MANZANA 200ML",602,64,38528,14.158,8523.116,no
2026-01-16,1,3162877,"SANPC,,CANELA MANZANA 200ML",610,64,39040,14.158,8636.38,no
2026-01-16,2,3162877,"SANPC,,CANELA MANZANA 200ML",625,64,40000,14.158,8848.75,no
2026-01-17,1,3119847,"SANPC,CO,200MLX64LAVSNPC",178,64,11392,14.158,2520.124,no
2026-01-17,1,3162877,"SANPC,,CANELA MANZANA 200ML",259,64,16576,14.158,3666.922,no
2026-01-17,2,3119847,"SANPC,CO,200MLX64LAVSNPC",495,64,31680,14.158,7008.21,no
2026-01-19,1,3119847,"SANPC,CO,200MLX64LAVSNPC",594,64,38016,14.158,8409.852,no
2026-01-19,2,3119847,"SANPC,CO,200MLX64LAVSNPC",624,64,39936,14.158,8834.592,no
2026-01-20,1,3119847,"SANPC,CO,200MLX64LAVSNPC",403,64,25792,14.158,5705.674,no
2026-01-20,1,3251827,"VANSH,CO,130 ML WHITE X64",66,64,4224,9.891,652.806,no
2026-01-20,2,3251827,"VANSH,CO,130 ML WHITE X64",536,64,34304,9.891,5301.576,no
2026-01-21,1,3251827,"VANSH,CO,130 ML WHITE X64",440,64,28160,9.891,4352.04,no
2026-01-21,2,3251827,"VANSH,CO,130 ML WHITE X64",641,64,41024,9.891,6340.131,no
2026-01-22,1,3251827,"VANSH,CO,130 ML WHITE X64",580,64,37120,9.891,5736.78,no
2026-01-22,2,3251827,"VANSH,CO,130 ML WHITE X64",375,64,24000,9.891,3709.125,no
2026-01-22,2,3251828,"VANSH,CO,130 ML PINK X64",200,64,12800,9.891,1978.2,no
2026-01-23,1,3251828,"VANSH,CO,130 ML PINK X64",600,64,38400,9.891,5934.6,no
2026-01-23,2,3251828,"VANSH,CO,130 ML PINK X64",617,64,39488,9.891,6102.747,no
2026-01-24,1,3251828,"VANSH,CO,130 ML PINK X64",546,64,34944,9.891,5400.486,no
2026-01-24,2,3251828,"VANSH,CO,130 ML PINK X64",490,64,31360,9.891,4846.59,no
2026-01-26,1,3251828,"VANSH,CO,130 ML PINK X64",130,64,8320,9.891,1285.83,no
2026-01-26,2,3251823,"VANSH,CO,450ML PINKX24",487,24,11688,11.925,5807.475,no
2026-01-27,1,3251823,"VANSH,CO,450ML PINKX24",1240,24,29760,11.925,14787,no
2026-01-27,2,3251823,"VANSH,CO,450ML PINKX24",1259,24,30216,11.925,15013.575,no
2026-01-28,1,3251823,"VANSH,CO,450ML PINKX24",918,24,22032,11.925,10947.15,no
2026-01-28,1,3251824,"VANSH,CO,450ML WHITEX24",209,24,5016,11.925,2492.325,no
2026-01-28,2,3251824,"VANSH,CO,450ML WHITEX24",1382,24,33168,11.925,16480.35,no
2026-01-29,1,3251824,"VANSH,CO,450ML WHITEX24",1370,24,32880,11.925,16337.25,no
2026-01-29,2,3251824,"VANSH,CO,450ML WHITEX24",1139,24,27336,11.925,13582.575,no
2026-01-30,1,3251824,"VANSH,CO,450ML WHITEX24",1021,24,24504,11.925,12175.425,no
2026-02-02,1,3251824,"VANSH,CO,450ML WHITEX24",1325,24,31800,11.925,15800.625,no
2026-02-02,2,3251824,"VANSH,CO,450ML WHITEX24",1411,24,33864,11.925,16826.175,no
2026-02-03,1,3251823,"VANSH,CO,450ML PINKX24",860,24,20640,11.925,10255.5,no
2026-02-03,1,3251824,"VANSH,CO,450ML WHITEX24",390,24,9360,11.925,4650.75,no
2026-02-03,2,3251823,"VANSH,CO,450ML PINKX24",1271,24,30504,11.925,15156.675,no
2026-02-04,1,3162876,"SANPC,CO,VAINILLA 200ML DP",0,64,0,14.158,0,no
2026-02-04,1,3251823,"VANSH,CO,450ML PINKX24",885,24,21240,11.925,10553.625,no
2026-02-04,2,3162876,"SANPC,CO,VAINILLA 200ML DP",383,64,24512,14.158,5422.514,no
2026-02-05,1,3162876,"SANPC,CO,VAINILLA 200ML DP",644,64,41216,14.158,9117.752,no
2026-02-05,2,3162876,"SANPC,CO,VAINILLA 200ML DP",472,64,30208,14.158,6682.576,no
2026-02-06,1,3119847,"SANPC,CO,200MLX64LAVSNPC",593,64,37952,14.158,8395.694,no
2026-02-06,2,3119847,"SANPC,CO,200MLX64LAVSNPC",559,64,35776,14.158,7914.322,no
2026-02-07,1,3119847,"SANPC,CO,200MLX64LAVSNPC",410,64,26240,14.158,5804.78,no
2026-02-07,2,3119847,"SANPC,CO,200MLX64LAVSNPC",410,64,26240,14.158,5804.78,no
2026-02-09,1,3119847,"SANPC,CO,200MLX64LAVSNPC",432,64,27648,14.158,6116.256,no
2026-02-09,1,3251828,"VANSH,CO,130 ML PINK X64",0,64,0,9.891,0,no
2026-02-10,1,3251828,"VANSH,CO,130 ML PINK X64",593,64,37952,9.891,5865.363,no
2026-02-11,1,3251828,"VANSH,CO,130 ML PINK X64",570,64,36480,9.891,5637.87,no
2026-02-12,1,3251828,"VANSH,CO,130 ML PINK X64",491,64,31424,9.891,4856.481,no
2026-02-13,1,3251828,"VANSH,CO,130 ML PINK X64",416,64,26624,9.891,4114.656,no
2026-02-14,1,3251828,"VANSH,CO,130 ML PINK X64",255,64,16320,9.891,2522.205,no
2026-02-16,1,3251827,"VANSH,CO,130 ML WHITE X64",189,64,12096,9.891,1869.399,no
2026-02-16,1,3251828,"VANSH,CO,130 ML PINK X64",227,64,14528,9.891,2245.257,no
2026-02-16,2,3251827,"VANSH,CO,130 ML WHITE X64",430,64,27520,9.891,4253.13,no
2026-02-17,1,3251827,"VANSH,CO,130 ML WHITE X64",632,64,40448,9.891,6251.112,no
2026-02-17,2,3251827,"VANSH,CO,130 ML WHITE X64",645,64,41280,9.891,6379.695,no
2026-02-18,1,3251827,"VANSH,CO,130 ML WHITE X64",635,64,40640,9.891,6280.785,no
2026-02-18,2,3251827,"VANSH,CO,130 ML WHITE X64",644,64,41216,9.891,6369.804,no
2026-02-19,1,3251827,"VANSH,CO,130 ML WHITE X64",644,64,41216,9.891,6369.804,no
2026-02-19,2,3251827,"VANSH,CO,130 ML WHITE X64",168,64,10752,9.891,1661.688,no
2026-02-20,1,3251827,"VANSH,CO,130 ML WHITE X64",612,64,39168,9.891,6053.292,no
2026-02-20,2,3251827,"VANSH,CO,130 ML WHITE X64",627,64,40128,9.891,6201.657,no
2026-02-21,1,3251824,"VANSH,CO,450ML WHITEX24",497,24,11928,11.925,5926.725,no
2026-02-21,2,3251824,"VANSH,CO,450ML WHITEX24",1041,24,24984,11.925,12413.925,no
2026-02-23,1,3251824,"VANSH,CO,450ML WHITEX24",1255,24,30120,11.925,14965.875,no
2026-02-23,2,3251824,"VANSH,CO,450ML WHITEX24",1233,24,29592,11.925,14703.525,no
2026-02-24,1,3251824,"VANSH,CO,450ML WHITEX24",1245,24,29880,11.925,14846.625,no
2026-02-24,2,3251824,"VANSH,CO,450ML WHITEX24",1398,24,33552,11.925,16671.15,no
2026-02-25,1,3251824,"VANSH,CO,450ML WHITEX24",1281,24,30744,11.925,15275.925,no
2026-02-25,2,3251823,"VANSH,CO,450ML PINKX24",870,24,20880,11.925,10374.75,no
2026-02-25,2,3251824,"VANSH,CO,450ML WHITEX24",370,24,8880,11.925,4412.25,no
2026-02-26,1,3251823,"VANSH,CO,450ML PINKX24",1291,24,30984,11.925,15395.175,no
2026-02-26,2,3251823,"VANSH,CO,450ML PINKX24",1360,24,32640,11.925,16218.0,no
2026-02-27,1,3251823,"VANSH,CO,450ML PINKX24",1208,24,28992,11.925,14405.4,no
2026-02-27,2,3251823,"VANSH,CO,450ML PINKX24",1450,24,34800,11.925,17291.25,no
2026-03-02,1,3251823,"VANSH,CO,450ML PINKX24",1250,24,30000,11.925,14906.25,no
2026-03-02,2,3251823,"VANSH,CO,450ML PINKX24",1432,24,34368,11.925,17076.6,no
2026-03-03,1,3251823,"VANSH,CO,450ML PINKX24",412,24,9888,11.925,4913.1,no
2026-03-03,1,3251824,"VANSH,CO,450ML WHITEX24",750,24,18000,11.925,8943.75,no
2026-03-03,2,3251824,"VANSH,CO,450ML WHITEX24",1457,24,34968,11.925,17374.725,no
2026-03-04,1,3251824,"VANSH,CO,450ML WHITEX24",903,24,21672,11.925,10768.275,no
2026-03-04,1,3331339,"SANPC,CO,MANZANA VERDE  200ML",29,6,174,12.851,372.679,no
2026-03-04,2,3331339,"SANPC,CO,MANZANA VERDE  200ML",543,6,3258,12.851,6978.093,no
2026-03-05,1,3331339,"SANPC,CO,MANZANA VERDE  200ML",658,6,3948,12.851,8455.958,no
2026-03-05,2,3119847,"SANPC,CO,200MLX64LAVSNPC",109,64,6976,14.158,1543.222,no
2026-03-05,2,3331339,"SANPC,CO,MANZANA VERDE  200ML",466,6,2796,12.851,5988.566,no
2026-03-06,1,3119847,"SANPC,CO,200MLX64LAVSNPC",656,64,41984,14.158,9287.648,no
2026-03-06,2,3119847,"SANPC,CO,200MLX64LAVSNPC",624,64,39936,14.158,8834.592,no
2026-03-07,1,3119847,"SANPC,CO,200MLX64LAVSNPC",155,64,9920,14.158,2194.49,no
2026-03-07,1,3162877,"SANPC,,CANELA MANZANA 200ML",276,64,17664,14.158,3907.608,no
2026-03-07,2,3162877,"SANPC,,CANELA MANZANA 200ML",480,64,30720,14.158,6795.84,no
2026-03-09,1,3162877,"SANPC,,CANELA MANZANA 200ML",630,64,40320,14.158,8919.54,no
2026-03-10,1,22,MANTENIMIENTO LINEA 22,0,,0.0,,0,si
2026-03-11,1,22,MANTENIMIENTO LINEA 22,0,,0.0,,0,si
2026-03-12,1,3162877,"SANPC,,CANELA MANZANA 200ML",140,64,8960,14.158,1982.12,no
2026-03-12,1,3251827,"VANSH,CO,130 ML WHITE X64",153,64,9792,9.891,1513.323,no
2026-03-13,1,3251827,"VANSH,CO,130 ML WHITE X64",595,64,38080,9.891,5885.145,no
2026-03-14,1,3251827,"VANSH,CO,130 ML WHITE X64",103,64,6592,9.891,1018.773,no
2026-03-14,2,3251827,"VANSH,CO,130 ML WHITE X64",95,64,6080,9.891,939.645,no
2026-03-16,1,3251827,"VANSH,CO,130 ML WHITE X64",622,64,39808,9.891,6152.202,no
2026-03-16,2,3251827,"VANSH,CO,130 ML WHITE X64",591,64,37824,9.891,5845.581,no
2026-03-17,1,3251827,"VANSH,CO,130 ML WHITE X64",429,64,27456,9.891,4243.239,no
2026-03-17,1,3251828,"VANSH,CO,130 ML PINK X64",147,64,9408,9.891,1453.977,no
2026-03-17,2,3251828,"VANSH,CO,130 ML PINK X64",637,64,40768,9.891,6300.567,no
2026-03-18,1,3251828,"VANSH,CO,130 ML PINK X64",611,64,39104,9.891,6043.401,no
2026-03-18,2,3251828,"VANSH,CO,130 ML PINK X64",608,64,38912,9.891,6013.728,no
2026-03-19,1,3251828,"VANSH,CO,130 ML PINK X64",512,64,32768,9.891,5064.192,no
2026-03-19,2,3251823,"VANSH,CO,450ML PINKX24",57,24,1368,11.925,679.725,no
2026-03-19,2,3251828,"VANSH,CO,130 ML PINK X64",76,64,4864,9.891,751.716,no
2026-03-20,1,3251823,"VANSH,CO,450ML PINKX24",1343,24,32232,11.925,16015.275,no
2026-03-20,2,3251823,"VANSH,CO,450ML PINKX24",301,24,7224,11.925,3589.425,no
2026-03-21,1,3251823,"VANSH,CO,450ML PINKX24",1200,24,28800,11.925,14310,no
2026-03-21,2,3251823,"VANSH,CO,450ML PINKX24",1013,24,24312,11.925,12080.025,no
2026-03-25,2,3251823,"VANSH,CO,450ML PINKX24",228,24,5472,11.925,2718.9,no
2026-03-25,2,3251824,"VANSH,CO,450ML WHITEX24",948,24,22752,11.925,11304.9,no
2026-03-26,2,3251824,"VANSH,CO,450ML WHITEX24",1084,24,26016,11.925,12926.7,no
2026-03-27,2,3251824,"VANSH,CO,450ML WHITEX24",1250,24,30000,11.925,14906.25,no
2026-03-28,2,3251824,"VANSH,CO,450ML WHITEX24",1069,24,25656,11.925,12747.825,no
2026-03-30,1,3251824,"VANSH,CO,450ML WHITEX24",1165,24,27960,11.925,13892.625,no
2026-03-30,2,3251824,"VANSH,CO,450ML WHITEX24",1041,24,24984,11.925,12413.925,no
2026-04-01,1,3251824,"VANSH,CO,450ML WHITEX24",413,24,9912,11.925,4925.025,no
2026-04-01,1,3251824,"VANSH,CO,450ML WHITEX24",797,24,19128,11.925,9504.225,no
2026-04-01,2,3251823,"VANSH,CO,450ML PINKX24",1093,24,26232,11.925,13034.025,no
2026-04-01,2,3251824,"VANSH,CO,450ML WHITEX24",103,24,2472,11.925,1228.275,no
2026-04-04,1,3251823,"VANSH,CO,450ML PINKX24",1128,24,27072,11.925,13451.4,no
2026-04-04,2,3251823,"VANSH,CO,450ML PINKX24",1093,24,26232,11.925,13034.025,no
2026-04-06,1,3162876,"SANPC,CO,VAINILLA 200ML DP",0,64,0,14.158,0,no
2026-04-06,1,3251823,"VANSH,CO,450ML PINKX24",595,24,14280,11.925,7095.375,no
2026-04-07,1,3162876,"SANPC,CO,VAINILLA 200ML DP",574,64,36736,14.158,8126.692,no
2026-04-08,1,3162876,"SANPC,CO,VAINILLA 200ML DP",566,64,36224,14.158,8013.428,no
2026-04-09,1,3162876,"SANPC,CO,VAINILLA 200ML DP",639,64,40896,14.158,9046.962,no
2026-04-10,1,3162876,"SANPC,CO,VAINILLA 200ML DP",467,64,29888,14.158,6611.786,no
2026-04-10,1,3331339,"SANPC,CO,MANZANA VERDE  200ML",96,6,576,12.851,1233.696,no
2026-04-11,1,3331339,"SANPC,CO,MANZANA VERDE  200ML",539,6,3234,12.851,6926.689,no
2026-04-13,1,3331339,"SANPC,CO,MANZANA VERDE  200ML",637,6,3822,12.851,8186.087,no
2026-04-13,2,3251828,"VANSH,CO,130 ML PINK X64",152,64,9728,9.891,1503.432,no
2026-04-13,2,3331339,"SANPC,CO,MANZANA VERDE  200ML",308,6,1848,12.851,3958.108,no
2026-04-14,1,3251828,"VANSH,CO,130 ML PINK X64",615,64,39360,9.891,6082.965,no
2026-04-14,2,3251828,"VANSH,CO,130 ML PINK X64",624,64,39936,9.891,6171.984,no
2026-04-15,1,3251828,"VANSH,CO,130 ML PINK X64",560,64,35840,9.891,5538.96,no
2026-04-15,2,3251828,"VANSH,CO,130 ML PINK X64",627,64,40128,9.891,6201.657,no
2026-04-16,1,3251828,"VANSH,CO,130 ML PINK X64",566,64,36224,9.891,5598.306,no
2026-04-16,2,3251828,"VANSH,CO,130 ML PINK X64",583,64,37312,9.891,5766.453,no
2026-04-17,1,3251827,"VANSH,CO,130 ML WHITE X64",236,64,15104,9.891,2334.276,no
2026-04-17,1,3251828,"VANSH,CO,130 ML PINK X64",254,64,16256,9.891,2512.314,no
2026-04-17,2,3251827,"VANSH,CO,130 ML WHITE X64",629,64,40256,9.891,6221.439,no
2026-04-18,1,3251827,"VANSH,CO,130 ML WHITE X64",168,64,10752,9.891,1661.688,no
2026-04-18,2,3251827,"VANSH,CO,130 ML WHITE X64",133,64,8512,9.891,1315.503,no
2026-04-20,1,3251827,"VANSH,CO,130 ML WHITE X64",157,64,10048,9.891,1552.887,no
2026-04-20,1,3251827,"VANSH,CO,130 ML WHITE X64",0,64,0,9.891,0,no
2026-04-20,2,3251827,"VANSH,CO,130 ML WHITE X64",425,64,27200,9.891,4203.675,no
2026-04-21,1,3251827,"VANSH,CO,130 ML WHITE X64",65,64,4160,9.891,642.915,no
2026-04-21,1,3251827,"VANSH,CO,130 ML WHITE X64",303,64,19392,9.891,2996.973,no
2026-04-21,2,3251827,"VANSH,CO,130 ML WHITE X64",539,64,34496,9.891,5331.249,no
2026-04-22,1,3251827,"VANSH,CO,130 ML WHITE X64",610,64,39040,9.891,6033.51,no
2026-04-22,2,3251827,"VANSH,CO,130 ML WHITE X64",613,64,39232,9.891,6063.183,no
2026-04-23,1,3251824,"VANSH,CO,450ML WHITEX24",681,24,16344,11.925,8120.925,no
2026-04-23,2,3251824,"VANSH,CO,450ML WHITEX24",1101,24,26424,11.925,13129.425,no
2026-04-24,1,3251824,"VANSH,CO,450ML WHITEX24",1235,24,29640,11.925,14727.375,no
2026-04-24,2,3251824,"VANSH,CO,450ML WHITEX24",1354,24,32496,11.925,16146.45,no
2026-04-25,1,3251824,"VANSH,CO,450ML WHITEX24",1099,24,26376,11.925,13105.575,no
2026-04-25,2,3251823,"VANSH,CO,450ML PINKX24",140,24,3360,11.925,1669.5,no
2026-04-25,2,3251824,"VANSH,CO,450ML WHITEX24",767,24,18408,11.925,9146.475,no
2026-04-27,1,3251823,"VANSH,CO,450ML PINKX24",1348,24,32352,11.925,16074.9,no
2026-04-27,2,3251823,"VANSH,CO,450ML PINKX24",1271,24,30504,11.925,15156.675,no
2026-04-28,1,3251823,"VANSH,CO,450ML PINKX24",1341,24,32184,11.925,15991.425,no
2026-04-28,2,3251823,"VANSH,CO,450ML PINKX24",1273,24,30552,11.925,15180.525,no
2026-04-29,1,3251823,"VANSH,CO,450ML PINKX24",1377,24,33048,11.925,16420.725,no
2026-04-29,2,3251823,"VANSH,CO,450ML PINKX24",373,24,8952,11.925,4448.025,no
2026-05-04,1,3251824,"VANSH,CO,450ML WHITEX24",685,24,16440,11.925,8168.625,no
2026-05-04,2,3251824,"VANSH,CO,450ML WHITEX24",1419,24,34056,11.925,16921.575,no
2026-05-05,1,3162876,"SANPC,CO,VAINILLA 200ML DP",0,64,0,14.158,0,no
2026-05-05,1,3251824,"VANSH,CO,450ML WHITEX24",951,24,22824,11.925,11340.675,no
2026-05-05,2,3162876,"SANPC,CO,VAINILLA 200ML DP",389,64,24896,14.158,5507.462,no
2026-05-06,1,3162876,"SANPC,CO,VAINILLA 200ML DP",590,64,37760,14.158,8353.22,no
2026-05-06,2,3162876,"SANPC,CO,VAINILLA 200ML DP",623,64,39872,14.158,8820.434,no
2026-05-07,1,3162876,"SANPC,CO,VAINILLA 200ML DP",642,64,41088,14.158,9089.436,no
2026-05-07,2,3162876,"SANPC,CO,VAINILLA 200ML DP",593,64,37952,14.158,8395.694,no
2026-05-08,1,3162876,"SANPC,CO,VAINILLA 200ML DP",623,64,39872,14.158,8820.434,no
2026-05-08,2,3162876,"SANPC,CO,VAINILLA 200ML DP",572,64,36608,14.158,8098.376,no
2026-05-11,1,3162876,"SANPC,CO,VAINILLA 200ML DP",231,64,14784,14.158,3270.498,no
2026-05-11,2,3162876,"SANPC,CO,VAINILLA 200ML DP",485,64,31040,14.158,6866.63,no
2026-05-12,1,3162876,"SANPC,CO,VAINILLA 200ML DP",244,64,15616,14.158,3454.552,no
2026-05-12,1,3331340,"SANPC,CO,OASIS DE LAVAND 200ML",192,6,1152,12.851,2467.392,no
2026-05-12,2,3331340,"SANPC,CO,OASIS DE LAVAND 200ML",599,6,3594,12.851,7697.749,no
2026-05-13,1,3331340,"SANPC,CO,OASIS DE LAVAND 200ML",534,6,3204,12.851,6862.434,no
2026-05-13,2,3331340,"SANPC,CO,OASIS DE LAVAND 200ML",565,6,3390,12.851,7260.815,no
2026-05-14,1,3331340,"SANPC,CO,OASIS DE LAVAND 200ML",530,6,3180,12.851,6811.03,no
2026-05-14,2,3251827,"VANSH,CO,130 ML WHITE X64",413,64,26432,9.891,4084.983,no
2026-05-15,1,3251827,"VANSH,CO,130 ML WHITE X64",600,64,38400,9.891,5934.6,no
2026-05-15,2,3251827,"VANSH,CO,130 ML WHITE X64",570,64,36480,9.891,5637.87,no
2026-05-16,1,3251827,"VANSH,CO,130 ML WHITE X64",490,64,31360,9.891,4846.59,no
2026-05-16,2,3251827,"VANSH,CO,130 ML WHITE X64",498,64,31872,9.891,4925.718,no
2026-05-19,1,3251827,"VANSH,CO,130 ML WHITE X64",539,64,34496,9.891,5331.249,no
2026-05-19,2,3251827,"VANSH,CO,130 ML WHITE X64",572,64,36608,9.891,5657.652,no
2026-05-20,1,3251827,"VANSH,CO,130 ML WHITE X64",260,64,16640,9.891,2571.66,no
2026-05-20,1,3251828,"VANSH,CO,130 ML PINK X64",261,64,16704,9.891,2581.551,no
2026-05-20,2,3251828,"VANSH,CO,130 ML PINK X64",614,64,39296,9.891,6073.074,no
2026-05-21,1,3251828,"VANSH,CO,130 ML PINK X64",525,64,33600,9.891,5192.775,no
2026-05-21,2,3251828,"VANSH,CO,130 ML PINK X64",642,64,41088,9.891,6350.022,no
2026-05-22,1,3251828,"VANSH,CO,130 ML PINK X64",594,64,38016,9.891,5875.254,no
2026-05-22,2,3251828,"VANSH,CO,130 ML PINK X64",638,64,40832,9.891,6310.458,no
2026-05-23,1,3251828,"VANSH,CO,130 ML PINK X64",469,64,30016,9.891,4638.879,no
2026-05-23,2,3251823,"VANSH,CO,450ML PINKX24",181,24,4344,11.925,2158.425,no
2026-05-23,2,3251828,"VANSH,CO,130 ML PINK X64",165,64,10560,9.891,1632.015,no
2026-05-25,1,22,MANTENIMIENTO LINEA 22,0,,0.0,,0,si
2026-05-25,2,3251823,"VANSH,CO,450ML PINKX24",1123,24,26952,11.925,13391.775,no
2026-05-26,1,22,MANTENIMIENTO LINEA 22,0,,0.0,,0,si
2026-05-26,2,3251823,"VANSH,CO,450ML PINKX24",1222,24,29328,11.925,14572.35,no
2026-05-27,1,3251823,"VANSH,CO,450ML PINKX24",554,24,13296,11.925,6606.45,no
2026-05-28,1,3251824,"VANSH,CO,450ML WHITEX24",1178,24,28272,11.925,14047.65,no
2026-05-28,2,3251824,"VANSH,CO,450ML WHITEX24",991,24,23784,11.925,11817.675,no
2026-05-29,1,3251824,"VANSH,CO,450ML WHITEX24",1224,24,29376,11.925,14596.2,no
2026-05-29,2,3251824,"VANSH,CO,450ML WHITEX24",1170,24,28080,11.925,13952.25,no
2026-06-01,2,3251824,"VANSH,CO,450ML WHITEX24",595,24,14280,11.925,7095.375,no
2026-06-01,2,3251824,"VANSH,CO,450ML WHITEX24",505,24,12120,11.925,6022.125,no
2026-06-02,1,3251824,"VANSH,CO,450ML WHITEX24",1125,24,27000,11.925,13415.625,no
2026-06-02,2,3251823,"VANSH,CO,450ML PINKX24",581,24,13944,11.925,6928.425,no
2026-06-02,2,3251824,"VANSH,CO,450ML WHITEX24",475,24,11400,11.925,5664.375,no
2026-06-03,1,3251823,"VANSH,CO,450ML PINKX24",1279,24,30696,11.925,15252.075,no
2026-06-03,2,3251823,"VANSH,CO,450ML PINKX24",1215,24,29160,11.925,14488.875,no
2026-06-04,1,3162877,"SANPC,,CANELA MANZANA 200ML",332,64,21248,14.158,4700.456,no
2026-06-04,2,3162877,"SANPC,,CANELA MANZANA 200ML",382,64,24448,14.158,5408.356,no
2026-06-05,1,3162877,"SANPC,,CANELA MANZANA 200ML",462,64,29568,14.158,6540.996,no
2026-06-05,2,3162877,"SANPC,,CANELA MANZANA 200ML",571,64,36544,14.158,8084.218,no
2026-06-06,1,3162877,"SANPC,,CANELA MANZANA 200ML",501,64,32064,14.158,7093.158,no
2026-06-06,2,3162877,"SANPC,,CANELA MANZANA 200ML",44,64,2816,14.158,622.952,no
2026-06-06,2,3331339,"SANPC,CO,MANZANA VERDE  200ML",368,6,2208,12.851,4729.168,no
2026-06-09,1,3331339,"SANPC,CO,MANZANA VERDE  200ML",553,6,3318,12.851,7106.603,no
2026-06-10,1,3331339,"SANPC,CO,MANZANA VERDE  200ML",609,6,3654,12.851,7826.259,no
2026-06-11,1,3331339,"SANPC,CO,MANZANA VERDE  200ML",616,6,3696,12.851,7916.216,no
2026-06-12,1,3251827,"VANSH,CO,130 ML WHITE X64",126,64,8064,9.891,1246.266,no
2026-06-12,1,3331339,"SANPC,CO,MANZANA VERDE  200ML",306,6,1836,12.851,3932.406,no
2026-06-13,1,3251827,"VANSH,CO,130 ML WHITE X64",514,64,32896,9.891,5083.974,no
2026-06-16,1,3251827,"VANSH,CO,130 ML WHITE X64",588,64,37632,9.891,5815.908,no
2026-06-16,2,3251827,"VANSH,CO,130 ML WHITE X64",563,64,36032,9.891,5568.633,no
2026-06-17,1,3251827,"VANSH,CO,130 ML WHITE X64",531,64,33984,9.891,5252.121,no
2026-06-17,2,3251827,"VANSH,CO,130 ML WHITE X64",313,64,20032,9.891,3095.883,no
2026-06-17,2,3251828,"VANSH,CO,130 ML PINK X64",116,64,7424,9.891,1147.356,no
2026-06-18,1,3251828,"VANSH,CO,130 ML PINK X64",490,64,31360,9.891,4846.59,no
2026-06-18,2,3251828,"VANSH,CO,130 ML PINK X64",553,64,35392,9.891,5469.723,no
2026-06-19,1,3251828,"VANSH,CO,130 ML PINK X64",550,64,35200,9.891,5440.05,no
2026-06-19,2,3251828,"VANSH,CO,130 ML PINK X64",622,64,39808,9.891,6152.202,no
2026-06-20,1,3251828,"VANSH,CO,130 ML PINK X64",493,64,31552,9.891,4876.263,no
2026-06-20,2,3251828,"VANSH,CO,130 ML PINK X64",468,64,29952,9.891,4628.988,no
2026-06-22,1,3251828,"VANSH,CO,130 ML PINK X64",566,64,36224,9.891,5598.306,no
2026-06-23,1,3251823,"VANSH,CO,450ML PINKX24",575,24,13800,11.925,6856.875,no
2026-06-24,1,3251823,"VANSH,CO,450ML PINKX24",1197,24,28728,11.925,14274.225,no
2026-06-25,1,3251823,"VANSH,CO,450ML PINKX24",1292,24,31008,11.925,15407.1,no
2026-06-26,1,3251824,"VANSH,CO,450ML WHITEX24",1021,24,24504,11.925,12175.425,no
2026-06-30,1,3251824,"VANSH,CO,450ML WHITEX24",0,24,0,11.925,0,no
2026-07-02,1,3251824,"VANSH,CO,450ML WHITEX24",1059,24,25416,11.925,12628.575,no
2026-07-02,2,3251824,"VANSH,CO,450ML WHITEX24",1044,24,25056,11.925,12449.7,no
2026-07-03,1,3251824,"VANSH,CO,450ML WHITEX24",1264,24,30336,11.925,15073.2,no
2026-07-03,2,3251824,"VANSH,CO,450ML WHITEX24",1298,24,31152,11.925,15478.65,no
2026-07-04,1,3251824,"VANSH,CO,450ML WHITEX24",1181,24,28344,11.925,14083.425,no
2026-07-04,2,3251823,"VANSH,CO,450ML PINKX24",373,24,8952,11.925,4448.025,no
2026-07-04,2,3251824,"VANSH,CO,450ML WHITEX24",339,24,8136,11.925,4042.575,no
2026-07-06,1,3251823,"VANSH,CO,450ML PINKX24",1248,24,29952,11.925,14882.4,no
2026-07-06,2,3162876,"SANPC,CO,VAINILLA 200ML DP",72,64,4608,14.158,1019.376,no
2026-07-06,2,3251823,"VANSH,CO,450ML PINKX24",457,24,10968,11.925,5449.725,no
2026-07-07,1,3162876,"SANPC,CO,VAINILLA 200ML DP",603,64,38592,14.158,8537.274,no
2026-07-07,2,3162876,"SANPC,CO,VAINILLA 200ML DP",370,64,23680,14.158,5238.46,no
2026-07-08,1,3162876,"SANPC,CO,VAINILLA 200ML DP",581,64,37184,14.158,8225.798,no
2026-07-08,2,3162876,"SANPC,CO,VAINILLA 200ML DP",553,64,35392,14.158,7829.374,no
2026-07-09,1,3162876,"SANPC,CO,VAINILLA 200ML DP",630,64,40320,14.158,8919.54,no
2026-07-09,2,3162876,"SANPC,CO,VAINILLA 200ML DP",307,64,19648,14.158,4346.506,no
2026-07-09,2,3331340,"SANPC,CO,OASIS DE LAVAND 200ML",206,6,1236,12.851,2647.306,no
2026-07-10,1,3331340,"SANPC,CO,OASIS DE LAVAND 200ML",618,6,3708,12.851,7941.918,no
2026-07-10,2,3331340,"SANPC,CO,OASIS DE LAVAND 200ML",562,6,3372,12.851,7222.262,no
2026-07-11,1,3331340,"SANPC,CO,OASIS DE LAVAND 200ML",462,6,2772,12.851,5937.162,no
2026-07-11,2,3331340,"SANPC,CO,OASIS DE LAVAND 200ML",487,6,2922,12.851,6258.437,no
2026-07-14,1,3162877,"SANPC,,CANELA MANZANA 200ML",330,64,21120,14.158,4672.14,no
2026-07-14,1,3331340,"SANPC,CO,OASIS DE LAVAND 200ML",120,6,720,12.851,1542.12,no
2026-07-14,2,3162877,"SANPC,,CANELA MANZANA 200ML",536,64,34304,14.158,7588.688,no
2026-07-15,1,3162877,"SANPC,,CANELA MANZANA 200ML",569,64,36416,14.158,8055.902,no
2026-07-15,2,3162877,"SANPC,,CANELA MANZANA 200ML",79,64,5056,14.158,1118.482,no
2026-07-15,2,3251828,"VANSH,CO,130 ML PINK X64",257,64,16448,9.891,2541.987,no
2026-07-16,1,3251828,"VANSH,CO,130 ML PINK X64",576,64,36864,9.891,5697.216,no
2026-07-16,2,3251828,"VANSH,CO,130 ML PINK X64",490,64,31360,9.891,4846.59,no
2026-07-17,1,3251827,"VANSH,CO,130 ML WHITE X64",455,64,29120,9.891,4500.405,no
2026-07-17,2,3251827,"VANSH,CO,130 ML WHITE X64",252,64,16128,9.891,2492.532,no
2026-07-18,1,3251827,"VANSH,CO,130 ML WHITE X64",532,64,34048,9.891,5262.012,no
2026-07-18,2,3251827,"VANSH,CO,130 ML WHITE X64",537,64,34368,9.891,5311.467,no
2026-07-21,1,3251827,"VANSH,CO,130 ML WHITE X64",486,64,31104,9.891,4807.026,no
2026-07-21,2,3251826,"VANSH,CO,300MLX48 WHITE",0,48,0,15.359,0,no
2026-07-21,2,3251827,"VANSH,CO,130 ML WHITE X64",335,64,21440,9.891,3313.485,no
2026-07-22,1,3251826,"VANSH,CO,300MLX48 WHITE",0,48,0,15.359,0,no
2026-07-22,2,3251826,"VANSH,CO,300MLX48 WHITE",544,48,26112,15.359,8355.296,no
2026-07-23,1,3251826,"VANSH,CO,300MLX48 WHITE",525,48,25200,15.359,8063.475,no
2026-07-23,2,3251826,"VANSH,CO,300MLX48 WHITE",570,48,27360,15.359,8754.63,no
2026-07-24,1,3251826,"VANSH,CO,300MLX48 WHITE",633,48,30384,15.359,9722.247,no
2026-07-24,2,3251826,"VANSH,CO,300MLX48 WHITE",583,48,27984,15.359,8954.297,no
2026-07-25,1,3251824,"VANSH,CO,450ML WHITEX24",458,24,10992,11.925,5461.65,no
2026-07-25,1,3251826,"VANSH,CO,300MLX48 WHITE",232,48,11136,15.359,3563.288,no
2026-07-25,2,3251824,"VANSH,CO,450ML WHITEX24",1156,24,27744,11.925,13785.3,no
2026-07-27,1,22,MANTENIMIENTO LINEA 22,0,,0.0,,0,si
2026-07-28,1,22,MANTENIMIENTO LINEA 22,0,,0.0,,0,si
2026-07-29,1,3251824,"VANSH,CO,450ML WHITEX24",1445,24,34680,11.925,17231.625,no
2026-07-30,1,3251823,"VANSH,CO,450ML PINKX24",1400,24,33600,11.925,16695,no
2026-08-03,1,3251823,"VANSH,CO,450ML PINKX24",626,24,15024,11.925,7465.05,no
2026-08-03,1,3251823,"VANSH,CO,450ML PINKX24",420,24,10080,11.925,5008.5,no
2026-08-03,2,3251823,"VANSH,CO,450ML PINKX24",1104,24,26496,11.925,13165.2,no
2026-08-04,1,3251823,"VANSH,CO,450ML PINKX24",426,24,10224,11.925,5080.05,no
2026-08-04,1,3251825,"VANSH,CO,300ML PINKX48",248,48,11904,15.359,3809.032,no
2026-08-04,2,3251825,"VANSH,CO,300ML PINKX48",51,48,2448,15.359,783.309,no
